"515","88929","1.9","2014-12-08 16:25:22"
"515","88930","1.2","2014-12-08 16:25:25"
"515","88931","1.9","2014-12-08 16:25:28"
"503","87454","1.9","2014-12-08 16:25:36"
"515","88932","1.2","2014-12-08 16:25:38"
"503","87455","9.3","2014-12-08 16:25:39"
"489","85521","9.3","2014-12-08 16:25:41"
"515","88933","8.1","2014-12-08 16:25:41"
"503","87456","15.5","2014-12-08 16:25:42"
"489","85522","15.5","2014-12-08 16:25:44"
"515","88934","14.9","2014-12-08 16:25:44"
"503","87457","19.9","2014-12-08 16:25:45"
"489","85523","19.9","2014-12-08 16:25:47"
"515","88935","19.9","2014-12-08 16:25:47"
"503","87458","24.2","2014-12-08 16:25:48"
"489","85524","24.9","2014-12-08 16:25:50"
"515","88936","24.2","2014-12-08 16:25:50"
"503","87459","25.5","2014-12-08 16:25:51"
"489","85525","25.5","2014-12-08 16:25:53"
"515","88937","25.5","2014-12-08 16:25:53"
"503","87460","23.6","2014-12-08 16:25:54"
"489","85526","23.6","2014-12-08 16:25:56"
"515","88938","23.6","2014-12-08 16:25:56"
"503","87461","18","2014-12-08 16:25:57"
"489","85527","18","2014-12-08 16:25:59"
"515","88939","18","2014-12-08 16:25:59"
"503","87462","14.3","2014-12-08 16:26:00"
"489","85528","14.9","2014-12-08 16:26:02"
"515","88940","14.3","2014-12-08 16:26:02"
"503","87463","17.4","2014-12-08 16:26:03"
"489","85529","18","2014-12-08 16:26:05"
"515","88941","17.4","2014-12-08 16:26:05"
"503","87464","19.3","2014-12-08 16:26:06"
"489","85530","19.3","2014-12-08 16:26:08"
"515","88942","19.3","2014-12-08 16:26:08"
"503","87465","18","2014-12-08 16:26:09"
"489","85531","18.6","2014-12-08 16:26:11"
"515","88943","18","2014-12-08 16:26:11"
"503","87466","16.8","2014-12-08 16:26:12"
"489","85532","16.8","2014-12-08 16:26:14"
"515","88944","16.2","2014-12-08 16:26:14"
"503","87467","10.6","2014-12-08 16:26:15"
"489","85533","9.9","2014-12-08 16:26:17"
"515","88945","9.9","2014-12-08 16:26:17"
"503","87468","4.3","2014-12-08 16:26:18"
"489","85534","4.3","2014-12-08 16:26:20"
"515","88946","4.3","2014-12-08 16:26:20"
"489","85535","1.9","2014-12-08 16:27:23"
"503","87469","1.9","2014-12-08 16:27:23"
"515","88947","1.9","2014-12-08 16:27:23"
"489","85536","3.7","2014-12-08 16:27:26"
"503","87470","7.5","2014-12-08 16:27:26"
"515","88948","2.5","2014-12-08 16:27:26"
"489","85537","9.9","2014-12-08 16:27:29"
"503","87471","13.7","2014-12-08 16:27:29"
"515","88949","6.2","2014-12-08 16:27:29"
"489","85538","15.5","2014-12-08 16:27:32"
"503","87472","18.6","2014-12-08 16:27:32"
"515","88950","15.5","2014-12-08 16:27:32"
"489","85539","20.5","2014-12-08 16:27:35"
"503","87473","23.6","2014-12-08 16:27:35"
"515","88951","18.6","2014-12-08 16:27:35"
"489","85540","24.9","2014-12-08 16:27:38"
"503","87474","26.7","2014-12-08 16:27:38"
"515","88952","24.9","2014-12-08 16:27:38"
"489","85541","27.3","2014-12-08 16:27:41"
"503","87475","27.3","2014-12-08 16:27:41"
"515","88953","26.7","2014-12-08 16:27:41"
"489","85542","27.3","2014-12-08 16:27:44"
"503","87476","26.7","2014-12-08 16:27:44"
"515","88954","26.7","2014-12-08 16:27:44"
"489","85543","26.7","2014-12-08 16:27:47"
"503","87477","25.5","2014-12-08 16:27:47"
"515","88955","26.7","2014-12-08 16:27:47"
"489","85544","24.9","2014-12-08 16:27:50"
"503","87478","20.5","2014-12-08 16:27:50"
"515","88956","24.2","2014-12-08 16:27:50"
"489","85545","18.6","2014-12-08 16:27:53"
"503","87479","14.9","2014-12-08 16:27:53"
"515","88957","18.6","2014-12-08 16:27:53"
"489","85546","13","2014-12-08 16:27:56"
"503","87480","9.3","2014-12-08 16:27:56"
"515","88958","11.2","2014-12-08 16:27:56"
"489","85547","6.8","2014-12-08 16:27:59"
"503","87481","2.5","2014-12-08 16:27:59"
"489","85548","1.9","2014-12-08 16:28:02"
"515","88959","6.8","2014-12-08 16:28:02"
"503","87482","1.2","2014-12-08 16:28:10"
"489","85549","1.9","2014-12-08 16:28:12"
"515","88960","1.9","2014-12-08 16:28:12"
"503","87483","8.1","2014-12-08 16:28:13"
"489","85550","8.7","2014-12-08 16:28:15"
"515","88961","7.5","2014-12-08 16:28:15"
"503","87484","13","2014-12-08 16:28:16"
"489","85551","13.7","2014-12-08 16:28:18"
"515","88962","13","2014-12-08 16:28:18"
"503","87485","18","2014-12-08 16:28:19"
"489","85552","17.4","2014-12-08 16:28:21"
"515","88963","17.4","2014-12-08 16:28:21"
"503","87486","19.3","2014-12-08 16:28:22"
"489","85553","19.3","2014-12-08 16:28:24"
"515","88964","17.4","2014-12-08 16:28:24"
"503","87487","19.9","2014-12-08 16:28:25"
"489","85554","20.5","2014-12-08 16:28:27"
"515","88965","19.3","2014-12-08 16:28:27"
"503","87488","21.7","2014-12-08 16:28:28"
"489","85555","21.7","2014-12-08 16:28:30"
"515","88966","21.1","2014-12-08 16:28:30"
"503","87489","15.5","2014-12-08 16:28:31"
"489","85556","15.5","2014-12-08 16:28:33"
"515","88967","16.8","2014-12-08 16:28:33"
"503","87490","8.1","2014-12-08 16:28:34"
"489","85557","8.1","2014-12-08 16:28:36"
"515","88968","8.7","2014-12-08 16:28:36"
"503","87491","1.2","2014-12-08 16:28:37"
"489","85558","1.2","2014-12-08 16:28:39"
"515","88969","1.9","2014-12-08 16:28:39"
"489","85559","1.2","2014-12-08 16:28:55"
"515","88970","1.2","2014-12-08 16:28:55"
"503","87492","6.2","2014-12-08 16:28:56"
"489","85560","6.8","2014-12-08 16:28:58"
"515","88971","6.8","2014-12-08 16:28:58"
"503","87493","11.8","2014-12-08 16:28:59"
"489","85561","11.2","2014-12-08 16:29:01"
"515","88972","13","2014-12-08 16:29:01"
"503","87494","14.9","2014-12-08 16:29:02"
"489","85562","14.9","2014-12-08 16:29:04"
"515","88973","14.9","2014-12-08 16:29:04"
"503","87495","12.4","2014-12-08 16:29:05"
"489","85563","13","2014-12-08 16:29:07"
"515","88974","12.4","2014-12-08 16:29:07"
"503","87496","12.4","2014-12-08 16:29:08"
"489","85564","13","2014-12-08 16:29:10"
"515","88975","11.2","2014-12-08 16:29:10"
"503","87497","14.3","2014-12-08 16:29:11"
"489","85565","14.3","2014-12-08 16:29:13"
"515","88976","14.3","2014-12-08 16:29:13"
"503","87498","16.2","2014-12-08 16:29:14"
"489","85566","16.2","2014-12-08 16:29:16"
"515","88977","16.2","2014-12-08 16:29:16"
"503","87499","19.3","2014-12-08 16:29:17"
"489","85567","19.3","2014-12-08 16:29:19"
"515","88978","19.3","2014-12-08 16:29:19"
"503","87500","16.2","2014-12-08 16:29:20"
"489","85568","16.2","2014-12-08 16:29:22"
"515","88979","16.8","2014-12-08 16:29:22"
"503","87501","14.9","2014-12-08 16:29:23"
"489","85569","14.9","2014-12-08 16:29:25"
"515","88980","14.9","2014-12-08 16:29:25"
"503","87502","11.2","2014-12-08 16:29:26"
"489","85570","11.2","2014-12-08 16:29:28"
"515","88981","11.2","2014-12-08 16:29:28"
"503","87503","8.1","2014-12-08 16:29:29"
"489","85571","8.1","2014-12-08 16:29:31"
"515","88982","8.7","2014-12-08 16:29:31"
"503","87504","5.6","2014-12-08 16:29:32"
"489","85572","5.6","2014-12-08 16:29:34"
"515","88983","5.6","2014-12-08 16:29:34"
"503","87505","3.7","2014-12-08 16:29:35"
"489","85573","3.1","2014-12-08 16:29:37"
"515","88984","3.7","2014-12-08 16:29:37"
"503","87506","3.1","2014-12-08 16:29:38"
"489","85574","3.7","2014-12-08 16:29:40"
"515","88985","3.1","2014-12-08 16:29:40"
"503","87507","1.9","2014-12-08 16:29:41"
"489","85575","1.9","2014-12-08 16:29:43"
"515","88986","1.9","2014-12-08 16:29:43"
"515","88987","1.2","2014-12-08 16:29:51"
"503","87508","1.2","2014-12-08 16:30:12"
"515","88988","1.2","2014-12-08 16:30:13"
"503","87509","1.2","2014-12-08 16:30:15"
"489","85576","1.2","2014-12-08 16:30:16"
"515","88989","1.2","2014-12-08 16:30:16"
"503","87510","1.2","2014-12-08 16:30:46"
"503","87511","1.2","2014-12-08 16:31:07"
"515","88990","1.2","2014-12-08 16:31:09"
"503","87512","1.9","2014-12-08 16:31:10"
"515","88991","2.5","2014-12-08 16:31:12"
"503","87513","8.1","2014-12-08 16:31:13"
"489","85577","5.6","2014-12-08 16:31:14"
"515","88992","9.3","2014-12-08 16:31:15"
"503","87514","11.8","2014-12-08 16:31:16"
"489","85578","9.9","2014-12-08 16:31:17"
"515","88993","11.8","2014-12-08 16:31:18"
"503","87515","15.5","2014-12-08 16:31:19"
"489","85579","13.7","2014-12-08 16:31:20"
"515","88994","17.4","2014-12-08 16:31:21"
"503","87516","18","2014-12-08 16:31:22"
"489","85580","18","2014-12-08 16:31:23"
"515","88995","18.6","2014-12-08 16:31:24"
"503","87517","18.6","2014-12-08 16:31:25"
"489","85581","19.3","2014-12-08 16:31:26"
"515","88996","18","2014-12-08 16:31:27"
"503","87518","13.7","2014-12-08 16:31:28"
"489","85582","16.8","2014-12-08 16:31:29"
"515","88997","11.8","2014-12-08 16:31:30"
"503","87519","6.8","2014-12-08 16:31:31"
"489","85583","9.9","2014-12-08 16:31:32"
"515","88998","4.3","2014-12-08 16:31:33"
"503","87520","1.9","2014-12-08 16:31:34"
"489","85584","1.9","2014-12-08 16:31:35"
"515","88999","1.2","2014-12-08 16:31:36"
"515","89000","1.2","2014-12-08 16:32:08"
"503","87521","1.9","2014-12-08 16:32:33"
"515","89001","1.2","2014-12-08 16:32:34"
"489","85585","1.9","2014-12-08 16:32:35"
"503","87522","7.5","2014-12-08 16:32:36"
"515","89002","7.5","2014-12-08 16:32:37"
"489","85586","8.7","2014-12-08 16:32:38"
"503","87523","13.7","2014-12-08 16:32:39"
"515","89003","13","2014-12-08 16:32:40"
"489","85587","13.7","2014-12-08 16:32:41"
"503","87524","18.6","2014-12-08 16:32:42"
"515","89004","18.6","2014-12-08 16:32:43"
"489","85588","18","2014-12-08 16:32:44"
"503","87525","24.2","2014-12-08 16:32:45"
"515","89005","24.2","2014-12-08 16:32:46"
"489","85589","23.6","2014-12-08 16:32:47"
"503","87526","26.1","2014-12-08 16:32:48"
"515","89006","26.7","2014-12-08 16:32:49"
"489","85590","26.1","2014-12-08 16:32:50"
"503","87527","26.1","2014-12-08 16:32:51"
"515","89007","25.5","2014-12-08 16:32:52"
"489","85591","26.1","2014-12-08 16:32:53"
"503","87528","23.6","2014-12-08 16:32:54"
"515","89008","23","2014-12-08 16:32:55"
"489","85592","23.6","2014-12-08 16:32:56"
"503","87529","19.3","2014-12-08 16:32:57"
"515","89009","19.9","2014-12-08 16:32:58"
"489","85593","19.9","2014-12-08 16:32:59"
"503","87530","18","2014-12-08 16:33:00"
"515","89010","18","2014-12-08 16:33:01"
"489","85594","17.4","2014-12-08 16:33:02"
"503","87531","11.8","2014-12-08 16:33:03"
"515","89011","12.4","2014-12-08 16:33:04"
"489","85595","11.8","2014-12-08 16:33:05"
"503","87532","6.8","2014-12-08 16:33:06"
"515","89012","6.2","2014-12-08 16:33:07"
"489","85596","6.2","2014-12-08 16:33:08"
"515","89013","2.5","2014-12-08 16:33:10"
"515","89014","1.9","2014-12-08 16:33:22"
"515","89015","1.2","2014-12-08 16:33:27"
"518","89114","1.2","2014-12-08 19:41:17"
"518","89115","1.2","2014-12-08 19:41:20"
"506","87708","1.9","2014-12-08 19:41:22"
"506","87709","2.5","2014-12-08 19:41:25"
"506","87710","3.1","2014-12-08 19:41:28"
"518","89116","1.2","2014-12-08 19:41:28"
"506","87711","1.2","2014-12-08 19:41:31"
"518","89117","1.2","2014-12-08 19:41:35"
"506","87712","1.2","2014-12-08 19:41:38"
"506","87713","1.9","2014-12-08 19:41:41"
"518","89118","2.5","2014-12-08 19:41:41"
"492","85759","8.1","2014-12-08 19:41:44"
"506","87714","6.8","2014-12-08 19:41:44"
"518","89119","5.6","2014-12-08 19:41:44"
"492","85760","14.9","2014-12-08 19:41:47"
"506","87715","11.8","2014-12-08 19:41:47"
"518","89120","14.3","2014-12-08 19:41:47"
"492","85761","19.3","2014-12-08 19:41:50"
"506","87716","16.8","2014-12-08 19:41:50"
"518","89121","18","2014-12-08 19:41:50"
"492","85762","24.2","2014-12-08 19:41:53"
"506","87717","20.5","2014-12-08 19:41:53"
"518","89122","24.2","2014-12-08 19:41:53"
"492","85763","28.6","2014-12-08 19:41:56"
"506","87718","26.1","2014-12-08 19:41:56"
"518","89123","27.3","2014-12-08 19:41:56"
"492","85764","31.7","2014-12-08 19:41:59"
"506","87719","29.8","2014-12-08 19:41:59"
"518","89124","31.1","2014-12-08 19:41:59"
"492","85765","34.2","2014-12-08 19:42:02"
"506","87720","32.9","2014-12-08 19:42:02"
"518","89125","32.9","2014-12-08 19:42:02"
"492","85766","29.8","2014-12-08 19:42:05"
"506","87721","32.9","2014-12-08 19:42:05"
"518","89126","31.7","2014-12-08 19:42:05"
"492","85767","22.4","2014-12-08 19:42:08"
"518","89127","27.3","2014-12-08 19:42:08"
"506","87722","31.7","2014-12-08 19:42:09"
"492","85768","16.2","2014-12-08 19:42:11"
"518","89128","19.3","2014-12-08 19:42:11"
"506","87723","13","2014-12-08 19:42:12"
"492","85769","12.4","2014-12-08 19:42:14"
"518","89129","14.9","2014-12-08 19:42:14"
"506","87724","9.9","2014-12-08 19:42:15"
"492","85770","5","2014-12-08 19:42:17"
"518","89130","9.9","2014-12-08 19:42:17"
"506","87725","4.3","2014-12-08 19:42:18"
"518","89131","1.2","2014-12-08 19:42:20"
"518","89132","1.2","2014-12-08 19:42:23"
"518","89133","1.9","2014-12-08 19:42:32"
"518","89134","1.2","2014-12-08 19:42:38"
"518","89135","1.9","2014-12-08 19:42:41"
"506","87726","1.2","2014-12-08 19:42:46"
"492","85771","1.9","2014-12-08 19:43:08"
"506","87727","1.2","2014-12-08 19:43:08"
"518","89136","1.2","2014-12-08 19:43:09"
"492","85772","6.2","2014-12-08 19:43:11"
"506","87728","5","2014-12-08 19:43:11"
"518","89137","6.2","2014-12-08 19:43:12"
"492","85773","8.1","2014-12-08 19:43:14"
"506","87729","9.3","2014-12-08 19:43:14"
"518","89138","8.7","2014-12-08 19:43:15"
"492","85774","7.5","2014-12-08 19:43:17"
"506","87730","9.3","2014-12-08 19:43:17"
"518","89139","7.5","2014-12-08 19:43:18"
"492","85775","5.6","2014-12-08 19:43:20"
"506","87731","8.1","2014-12-08 19:43:20"
"518","89140","5","2014-12-08 19:43:21"
"506","87732","3.7","2014-12-08 19:43:23"
"506","87733","1.2","2014-12-08 19:43:36"
"506","87734","1.9","2014-12-08 19:43:49"
"506","87735","1.2","2014-12-08 19:43:52"
"506","87736","1.9","2014-12-08 19:43:55"
"506","87737","1.2","2014-12-08 19:43:58"
"506","87738","1.2","2014-12-08 19:44:05"
"506","87739","1.9","2014-12-08 19:44:08"
"506","87740","1.2","2014-12-08 19:44:14"
"492","85776","1.2","2014-12-08 19:44:29"
"518","89141","1.2","2014-12-08 19:44:29"
"506","87741","1.9","2014-12-08 19:44:30"
"492","85777","8.7","2014-12-08 19:44:32"
"518","89142","7.5","2014-12-08 19:44:32"
"506","87742","7.5","2014-12-08 19:44:33"
"492","85778","15.5","2014-12-08 19:44:35"
"518","89143","14.9","2014-12-08 19:44:35"
"506","87743","18.6","2014-12-08 19:44:37"
"492","85779","21.1","2014-12-08 19:44:38"
"518","89144","18.6","2014-12-08 19:44:38"
"506","87744","21.1","2014-12-08 19:44:40"
"492","85780","24.9","2014-12-08 19:44:41"
"518","89145","24.2","2014-12-08 19:44:41"
"506","87745","24.2","2014-12-08 19:44:43"
"492","85781","25.5","2014-12-08 19:44:44"
"518","89146","25.5","2014-12-08 19:44:44"
"506","87746","26.1","2014-12-08 19:44:46"
"492","85782","26.7","2014-12-08 19:44:47"
"518","89147","27.3","2014-12-08 19:44:47"
"506","87747","26.7","2014-12-08 19:44:49"
"492","85783","24.9","2014-12-08 19:44:50"
"518","89148","25.5","2014-12-08 19:44:50"
"506","87748","23.6","2014-12-08 19:44:52"
"492","85784","17.4","2014-12-08 19:44:53"
"518","89149","18.6","2014-12-08 19:44:53"
"506","87749","22.4","2014-12-08 19:44:55"
"492","85785","19.9","2014-12-08 19:44:56"
"518","89150","20.5","2014-12-08 19:44:56"
"492","85786","19.9","2014-12-08 19:44:59"
"506","87750","23.6","2014-12-08 19:44:59"
"518","89151","19.9","2014-12-08 19:44:59"
"492","85787","13","2014-12-08 19:45:02"
"506","87751","21.1","2014-12-08 19:45:02"
"518","89152","13","2014-12-08 19:45:02"
"492","85788","3.1","2014-12-08 19:45:05"
"506","87752","13","2014-12-08 19:45:05"
"518","89153","5","2014-12-08 19:45:05"
"518","89154","1.2","2014-12-08 19:45:10"
"506","87753","1.2","2014-12-08 19:45:15"
"506","87754","1.2","2014-12-08 19:45:18"
"518","89155","1.4","2014-12-08 19:45:20"
"518","89156","1.9","2014-12-08 19:45:23"
"518","89157","1.9","2014-12-08 19:45:26"
"492","85789","1.2","2014-12-08 19:45:39"
"506","87755","2.5","2014-12-08 19:45:39"
"518","89158","5","2014-12-08 19:45:41"
"492","85790","6.2","2014-12-08 19:45:42"
"506","87756","7.5","2014-12-08 19:45:42"
"518","89159","11.8","2014-12-08 19:45:44"
"492","85791","11.8","2014-12-08 19:45:45"
"506","87757","11.8","2014-12-08 19:45:45"
"518","89160","16.8","2014-12-08 19:45:47"
"492","85792","19.3","2014-12-08 19:45:48"
"506","87758","14.9","2014-12-08 19:45:48"
"518","89161","23","2014-12-08 19:45:50"
"492","85793","23.6","2014-12-08 19:45:51"
"506","87759","19.9","2014-12-08 19:45:51"
"518","89162","26.1","2014-12-08 19:45:53"
"492","85794","26.7","2014-12-08 19:45:54"
"506","87760","26.1","2014-12-08 19:45:54"
"518","89163","29.2","2014-12-08 19:45:56"
"492","85795","29.8","2014-12-08 19:45:57"
"506","87761","28.6","2014-12-08 19:45:57"
"492","85796","32.9","2014-12-08 19:46:00"
"506","87762","31.7","2014-12-08 19:46:00"
"518","89164","31.7","2014-12-08 19:46:00"
"492","85797","33.6","2014-12-08 19:46:03"
"518","89165","34.2","2014-12-08 19:46:03"
"506","87763","34.2","2014-12-08 19:46:05"
"492","85798","32.3","2014-12-08 19:46:06"
"518","89166","33.6","2014-12-08 19:46:06"
"506","87764","29.2","2014-12-08 19:46:08"
"492","85799","29.8","2014-12-08 19:46:09"
"518","89167","29.8","2014-12-08 19:46:09"
"506","87765","30.4","2014-12-08 19:46:11"
"492","85800","31.7","2014-12-08 19:46:12"
"518","89168","31.7","2014-12-08 19:46:12"
"506","87766","32.3","2014-12-08 19:46:14"
"492","85801","33.6","2014-12-08 19:46:15"
"518","89169","33.6","2014-12-08 19:46:15"
"506","87767","32.3","2014-12-08 19:46:17"
"492","85802","33.6","2014-12-08 19:46:18"
"518","89170","33.6","2014-12-08 19:46:18"
"506","87768","32.3","2014-12-08 19:46:20"
"492","85803","32.3","2014-12-08 19:46:21"
"518","89171","32.9","2014-12-08 19:46:21"
"506","87769","31.7","2014-12-08 19:46:23"
"492","85804","31.1","2014-12-08 19:46:24"
"518","89172","31.7","2014-12-08 19:46:24"
"506","87770","31.7","2014-12-08 19:46:26"
"492","85805","31.7","2014-12-08 19:46:27"
"518","89173","31.7","2014-12-08 19:46:27"
"506","87771","32.6","2014-12-08 19:46:29"
"492","85806","32.9","2014-12-08 19:46:30"
"518","89174","32.3","2014-12-08 19:46:30"
"506","87772","32.9","2014-12-08 19:46:32"
"492","85807","33.6","2014-12-08 19:46:33"
"518","89175","32.9","2014-12-08 19:46:33"
"506","87773","34.8","2014-12-08 19:46:35"
"492","85808","34.8","2014-12-08 19:46:36"
"518","89176","34.2","2014-12-08 19:46:36"
"506","87774","34.2","2014-12-08 19:46:38"
"492","85809","36","2014-12-08 19:46:39"
"518","89177","35.4","2014-12-08 19:46:39"
"506","87775","37.3","2014-12-08 19:46:41"
"492","85810","36","2014-12-08 19:46:42"
"518","89178","36","2014-12-08 19:46:42"
"506","87776","33.6","2014-12-08 19:46:44"
"492","85811","30.4","2014-12-08 19:46:45"
"518","89179","31.7","2014-12-08 19:46:45"
"506","87777","29.2","2014-12-08 19:46:47"
"492","85812","28.6","2014-12-08 19:46:48"
"518","89180","29.2","2014-12-08 19:46:48"
"506","87778","28","2014-12-08 19:46:50"
"492","85813","26.7","2014-12-08 19:46:51"
"518","89181","26.7","2014-12-08 19:46:51"
"506","87779","23","2014-12-08 19:46:53"
"492","85814","18.6","2014-12-08 19:46:54"
"518","89182","23.6","2014-12-08 19:46:54"
"506","87780","16.2","2014-12-08 19:46:56"
"492","85815","11.2","2014-12-08 19:46:57"
"518","89183","13.7","2014-12-08 19:46:57"
"506","87781","5.6","2014-12-08 19:46:59"
"492","85816","2.5","2014-12-08 19:47:00"
"518","89184","5.6","2014-12-08 19:47:00"
"506","87782","1.2","2014-12-08 19:47:03"
"518","89185","2.5","2014-12-08 19:47:03"
"506","87783","3.1","2014-12-08 19:47:06"
"506","87784","1.2","2014-12-08 19:47:09"
"506","87785","1.9","2014-12-08 19:47:14"
"506","87786","2.5","2014-12-08 19:47:17"
"492","85817","1.9","2014-12-08 19:47:22"
"518","89186","1.2","2014-12-08 19:47:22"
"506","87787","2.5","2014-12-08 19:47:24"
"492","85818","8.7","2014-12-08 19:47:25"
"518","89187","6.8","2014-12-08 19:47:25"
"506","87788","9.3","2014-12-08 19:47:27"
"492","85819","14.9","2014-12-08 19:47:28"
"518","89188","14.9","2014-12-08 19:47:28"
"506","87789","18","2014-12-08 19:47:30"
"492","85820","20.5","2014-12-08 19:47:31"
"518","89189","19.3","2014-12-08 19:47:31"
"506","87790","24.9","2014-12-08 19:47:33"
"492","85821","25.5","2014-12-08 19:47:34"
"518","89190","23.6","2014-12-08 19:47:34"
"506","87791","26.7","2014-12-08 19:47:36"
"492","85822","28.6","2014-12-08 19:47:37"
"518","89191","28","2014-12-08 19:47:37"
"506","87792","29.8","2014-12-08 19:47:39"
"492","85823","29.8","2014-12-08 19:47:40"
"518","89192","29.8","2014-12-08 19:47:40"
"506","87793","28","2014-12-08 19:47:42"
"492","85824","28","2014-12-08 19:47:43"
"518","89193","29.2","2014-12-08 19:47:43"
"506","87794","25.5","2014-12-08 19:47:45"
"492","85825","23.6","2014-12-08 19:47:46"
"518","89194","24.2","2014-12-08 19:47:46"
"506","87795","19.3","2014-12-08 19:47:48"
"492","85826","19.3","2014-12-08 19:47:49"
"518","89195","18.6","2014-12-08 19:47:49"
"506","87796","14.9","2014-12-08 19:47:51"
"492","85827","14.3","2014-12-08 19:47:52"
"518","89196","14.9","2014-12-08 19:47:52"
"506","87797","11.8","2014-12-08 19:47:54"
"492","85828","9.3","2014-12-08 19:47:55"
"518","89197","10.6","2014-12-08 19:47:55"
"506","87798","6.2","2014-12-08 19:47:57"
"518","89198","5.6","2014-12-08 19:47:58"
"518","89199","1.2","2014-12-08 19:48:01"
"506","87799","1.2","2014-12-08 19:48:08"
"492","85829","1.9","2014-12-08 19:48:42"
"518","89200","3.1","2014-12-08 19:48:43"
"506","87800","3.7","2014-12-08 19:48:44"
"492","85830","9.9","2014-12-08 19:48:45"
"518","89201","9.3","2014-12-08 19:48:46"
"506","87801","9.3","2014-12-08 19:48:47"
"492","85831","16.2","2014-12-08 19:48:48"
"518","89202","17.4","2014-12-08 19:48:49"
"506","87802","18","2014-12-08 19:48:50"
"492","85832","19.3","2014-12-08 19:48:51"
"518","89203","18","2014-12-08 19:48:52"
"506","87803","18","2014-12-08 19:48:53"
"492","85833","16.8","2014-12-08 19:48:54"
"518","89204","15.5","2014-12-08 19:48:55"
"506","87804","14.9","2014-12-08 19:48:56"
"492","85834","11.2","2014-12-08 19:48:57"
"518","89205","10.6","2014-12-08 19:48:58"
"506","87805","10.6","2014-12-08 19:48:59"
"492","85835","2.5","2014-12-08 19:49:00"
"518","89206","1.2","2014-12-08 19:49:01"
"43","16243","1.9","2014-12-10 11:44:46"
"43","16244","2.5","2014-12-10 11:44:49"
"43","16245","21.7","2014-12-10 11:44:52"
"43","16246","24.9","2014-12-10 11:44:55"
"43","16247","23.6","2014-12-10 11:44:58"
"43","16248","22.4","2014-12-10 11:45:01"
"43","16249","20.5","2014-12-10 11:45:04"
"43","16250","20.5","2014-12-10 11:45:07"
"43","16251","18","2014-12-10 11:45:10"
"43","16252","12.4","2014-12-10 11:45:13"
"43","16253","4.3","2014-12-10 11:45:16"
"43","16254","1.2","2014-12-10 11:45:42"
"43","16255","8.1","2014-12-10 11:45:45"
"43","16256","15.5","2014-12-10 11:45:48"
"43","16257","21.1","2014-12-10 11:45:51"
"43","16258","23.6","2014-12-10 11:45:54"
"43","16259","19.3","2014-12-10 11:45:57"
"43","16260","13.7","2014-12-10 11:46:00"
"43","16261","5.6","2014-12-10 11:46:03"
"43","16262","1.9","2014-12-10 11:46:13"
"43","16263","2.5","2014-12-10 11:46:16"
"45","16314","1.2","2014-12-10 12:29:17"
"45","16315","6.8","2014-12-10 12:29:20"
"45","16316","10.6","2014-12-10 12:29:23"
"45","16317","14.9","2014-12-10 12:29:26"
"45","16318","20.5","2014-12-10 12:29:29"
"45","16319","23.6","2014-12-10 12:29:32"
"45","16320","23.6","2014-12-10 12:29:35"
"45","16321","23","2014-12-10 12:29:38"
"45","16322","20.5","2014-12-10 12:29:41"
"45","16323","16.2","2014-12-10 12:29:44"
"45","16324","9.9","2014-12-10 12:29:47"
"45","16325","3.7","2014-12-10 12:29:50"
"45","16326","1.2","2014-12-10 12:30:00"
"45","16327","2.5","2014-12-10 12:30:03"
"45","16328","7.5","2014-12-10 12:30:06"
"45","16329","13","2014-12-10 12:30:09"
"45","16330","18.6","2014-12-10 12:30:12"
"45","16331","26.1","2014-12-10 12:30:15"
"45","16332","28","2014-12-10 12:30:18"
"45","16333","31.7","2014-12-10 12:30:21"
"45","16334","36.7","2014-12-10 12:30:24"
"45","16335","39.8","2014-12-10 12:30:27"
"45","16336","39.1","2014-12-10 12:30:30"
"45","16337","37.9","2014-12-10 12:30:33"
"45","16338","38.5","2014-12-10 12:30:36"
"45","16339","37.9","2014-12-10 12:30:39"
"45","16340","37.3","2014-12-10 12:30:42"
"45","16341","36.7","2014-12-10 12:30:45"
"45","16342","32.9","2014-12-10 12:30:48"
"45","16343","34.8","2014-12-10 12:30:51"
"45","16344","32.9","2014-12-10 12:30:54"
"45","16345","31.7","2014-12-10 12:30:57"
"45","16346","31.1","2014-12-10 12:31:00"
"45","16347","31.1","2014-12-10 12:31:03"
"45","16348","34.8","2014-12-10 12:31:06"
"45","16349","37.3","2014-12-10 12:31:09"
"45","16350","40.4","2014-12-10 12:31:12"
"45","16351","40.4","2014-12-10 12:31:15"
"45","16352","36","2014-12-10 12:31:18"
"45","16353","29.8","2014-12-10 12:31:21"
"45","16354","25.5","2014-12-10 12:31:24"
"45","16355","18","2014-12-10 12:31:27"
"45","16356","8.1","2014-12-10 12:31:30"
"45","16357","1.9","2014-12-10 12:31:46"
"45","16358","5","2014-12-10 12:31:49"
"45","16359","8.1","2014-12-10 12:31:52"
"45","16360","14.3","2014-12-10 12:31:55"
"45","16361","19.9","2014-12-10 12:31:58"
"45","16362","21.1","2014-12-10 12:32:01"
"45","16363","17.4","2014-12-10 12:32:04"
"45","16364","13","2014-12-10 12:32:07"
"45","16365","8.1","2014-12-10 12:32:10"
"45","16366","1.2","2014-12-10 12:32:40"
"45","16367","2.5","2014-12-10 12:32:45"
"45","16368","8.1","2014-12-10 12:32:48"
"45","16369","13.7","2014-12-10 12:32:51"
"45","16370","16.8","2014-12-10 12:32:54"
"45","16371","21.1","2014-12-10 12:32:57"
"45","16372","24.9","2014-12-10 12:33:00"
"45","16373","28.6","2014-12-10 12:33:03"
"45","16374","30.4","2014-12-10 12:33:06"
"45","16375","30.4","2014-12-10 12:33:09"
"45","16376","32.3","2014-12-10 12:33:12"
"45","16377","35.4","2014-12-10 12:33:15"
"45","16378","37.9","2014-12-10 12:33:18"
"45","16379","39.1","2014-12-10 12:33:21"
"45","16380","40.4","2014-12-10 12:33:24"
"45","16381","41","2014-12-10 12:33:27"
"45","16382","41","2014-12-10 12:33:30"
"45","16383","39.8","2014-12-10 12:33:33"
"45","16384","36.7","2014-12-10 12:33:36"
"45","16385","27.3","2014-12-10 12:33:39"
"45","16386","18.6","2014-12-10 12:33:42"
"45","16387","11.8","2014-12-10 12:33:45"
"45","16388","1.2","2014-12-10 12:33:48"
"45","16389","3.1","2014-12-10 12:34:00"
"45","16390","8.7","2014-12-10 12:34:03"
"45","16391","14.9","2014-12-10 12:34:06"
"45","16392","18","2014-12-10 12:34:09"
"45","16393","26.1","2014-12-10 12:34:12"
"45","16394","30.4","2014-12-10 12:34:15"
"45","16395","34.2","2014-12-10 12:34:18"
"45","16396","36.7","2014-12-10 12:34:21"
"45","16397","36.7","2014-12-10 12:34:24"
"45","16398","35.4","2014-12-10 12:34:27"
"45","16399","34.8","2014-12-10 12:34:30"
"45","16400","33.6","2014-12-10 12:34:33"
"45","16401","34.8","2014-12-10 12:34:36"
"45","16402","35.4","2014-12-10 12:34:39"
"45","16403","32.9","2014-12-10 12:34:42"
"45","16404","31.7","2014-12-10 12:34:45"
"45","16405","26.1","2014-12-10 12:34:48"
"45","16406","17.4","2014-12-10 12:34:51"
"45","16407","10.6","2014-12-10 12:34:54"
"45","16408","1.2","2014-12-10 12:35:23"
"45","16409","5","2014-12-10 12:35:26"
"45","16410","9.9","2014-12-10 12:35:29"
"45","16411","15.5","2014-12-10 12:35:32"
"45","16412","20.5","2014-12-10 12:35:35"
"45","16413","18","2014-12-10 12:35:38"
"45","16414","17.4","2014-12-10 12:35:41"
"45","16415","11.8","2014-12-10 12:35:44"
"45","16416","4.3","2014-12-10 12:35:47"
"45","16417","1.2","2014-12-10 12:36:00"
"45","16418","1.9","2014-12-10 12:39:32"
"45","16419","2.5","2014-12-10 12:39:35"
"45","16420","9.3","2014-12-10 12:39:38"
"45","16421","16.2","2014-12-10 12:39:41"
"45","16422","23","2014-12-10 12:39:44"
"45","16423","26.1","2014-12-10 12:39:47"
"45","16424","28","2014-12-10 12:39:50"
"45","16425","27.3","2014-12-10 12:39:53"
"45","16426","22.4","2014-12-10 12:39:56"
"45","16427","19.9","2014-12-10 12:39:59"
"45","16428","13.7","2014-12-10 12:40:02"
"45","16429","6.2","2014-12-10 12:40:05"
"45","16430","2.5","2014-12-10 12:40:23"
"45","16431","9.9","2014-12-10 12:40:26"
"45","16432","14.9","2014-12-10 12:40:29"
"45","16433","14.3","2014-12-10 12:40:32"
"45","16434","8.7","2014-12-10 12:40:35"
"45","16435","2.5","2014-12-10 12:40:38"
"45","16436","1.2","2014-12-10 12:41:01"
"45","16437","5.6","2014-12-10 12:41:04"
"45","16438","11.8","2014-12-10 12:41:07"
"45","16439","18","2014-12-10 12:41:10"
"45","16440","22.4","2014-12-10 12:41:13"
"45","16441","24.9","2014-12-10 12:41:16"
"45","16442","24.9","2014-12-10 12:41:19"
"45","16443","22.4","2014-12-10 12:41:22"
"45","16444","18.6","2014-12-10 12:41:25"
"45","16445","16.8","2014-12-10 12:41:28"
"45","16446","13","2014-12-10 12:41:31"
"45","16447","6.8","2014-12-10 12:41:34"
"45","16448","2.5","2014-12-10 12:41:37"
"45","16449","8.1","2014-12-10 12:41:40"
"45","16450","13","2014-12-10 12:41:43"
"45","16451","19.3","2014-12-10 12:41:46"
"45","16452","21.7","2014-12-10 12:41:49"
"45","16453","16.8","2014-12-10 12:41:52"
"45","16454","12.1","2014-12-10 12:41:55"
"45","16455","6.8","2014-12-10 12:41:58"
"45","16456","1.9","2014-12-10 12:42:25"
"45","16457","5.6","2014-12-10 12:42:28"
"45","16458","10.6","2014-12-10 12:42:31"
"45","16459","15.5","2014-12-10 12:42:34"
"45","16460","19.3","2014-12-10 12:42:37"
"45","16461","22.4","2014-12-10 12:42:40"
"45","16462","22.4","2014-12-10 12:42:43"
"45","16463","23.6","2014-12-10 12:42:46"
"45","16464","23","2014-12-10 12:42:49"
"45","16465","22.4","2014-12-10 12:42:52"
"45","16466","23","2014-12-10 12:42:55"
"45","16467","23","2014-12-10 12:42:58"
"45","16468","21.7","2014-12-10 12:43:01"
"45","16469","19.9","2014-12-10 12:43:04"
"45","16470","13","2014-12-10 12:43:07"
"45","16471","3.1","2014-12-10 12:43:10"
"45","16472","1.9","2014-12-10 12:43:29"
"45","16473","8.7","2014-12-10 12:43:32"
"45","16474","14.3","2014-12-10 12:43:35"
"45","16475","16.8","2014-12-10 12:43:38"
"45","16476","21.1","2014-12-10 12:43:41"
"45","16477","24.2","2014-12-10 12:43:44"
"45","16478","28","2014-12-10 12:43:47"
"45","16479","26.7","2014-12-10 12:43:50"
"45","16480","23","2014-12-10 12:43:53"
"45","16481","16.8","2014-12-10 12:43:56"
"45","16482","9.3","2014-12-10 12:43:59"
"45","16483","1.9","2014-12-10 12:44:02"
"45","16484","1.2","2014-12-10 12:44:33"
"45","16485","5.6","2014-12-10 12:44:36"
"45","16486","6.8","2014-12-10 12:44:39"
"45","16487","10.6","2014-12-10 12:44:42"
"45","16488","18","2014-12-10 12:44:45"
"45","16489","21.1","2014-12-10 12:44:48"
"45","16490","21.7","2014-12-10 12:44:51"
"45","16491","18.6","2014-12-10 12:44:54"
"45","16492","21.1","2014-12-10 12:44:57"
"45","16493","21.1","2014-12-10 12:45:00"
"45","16494","18.6","2014-12-10 12:45:03"
"45","16495","13","2014-12-10 12:45:06"
"45","16496","3.1","2014-12-10 12:45:09"
"45","16497","6.2","2014-12-10 12:45:33"
"45","16498","13","2014-12-10 12:45:36"
"45","16499","16.8","2014-12-10 12:45:39"
"45","16500","22.4","2014-12-10 12:45:42"
"45","16501","24.9","2014-12-10 12:45:45"
"45","16502","25.5","2014-12-10 12:45:48"
"45","16503","26.7","2014-12-10 12:45:51"
"45","16504","26.7","2014-12-10 12:45:54"
"45","16505","26.1","2014-12-10 12:45:57"
"45","16506","28.6","2014-12-10 12:46:00"
"45","16507","28","2014-12-10 12:46:03"
"45","16508","26.1","2014-12-10 12:46:06"
"45","16509","21.1","2014-12-10 12:46:09"
"45","16510","9.9","2014-12-10 12:46:12"
"45","16511","1.2","2014-12-10 12:46:21"
"45","16512","7.5","2014-12-10 12:46:24"
"45","16513","13","2014-12-10 12:46:27"
"45","16514","17.4","2014-12-10 12:46:30"
"45","16515","21.1","2014-12-10 12:46:33"
"45","16516","16.8","2014-12-10 12:46:36"
"45","16517","9.3","2014-12-10 12:46:39"
"45","16518","1.2","2014-12-10 12:46:42"
"45","16519","3.1","2014-12-10 12:46:54"
"45","16520","8.1","2014-12-10 12:46:57"
"45","16521","13.7","2014-12-10 12:47:00"
"45","16522","20.5","2014-12-10 12:47:03"
"45","16523","22.4","2014-12-10 12:47:06"
"45","16524","16.2","2014-12-10 12:47:09"
"45","16525","7.5","2014-12-10 12:47:12"
"45","16526","1.9","2014-12-10 12:47:24"
"45","16527","6.8","2014-12-10 12:47:27"
"45","16528","9.9","2014-12-10 12:47:30"
"45","16529","10.6","2014-12-10 12:47:33"
"45","16530","8.7","2014-12-10 12:47:36"
"45","16531","2.5","2014-12-10 12:47:39"
"45","16532","1.9","2014-12-10 12:47:52"
"45","16533","7.5","2014-12-10 12:47:55"
"45","16534","12.4","2014-12-10 12:47:58"
"45","16535","18","2014-12-10 12:48:01"
"45","16536","22.4","2014-12-10 12:48:04"
"45","16537","29.2","2014-12-10 12:48:07"
"45","16538","33.6","2014-12-10 12:48:10"
"45","16539","32.9","2014-12-10 12:48:14"
"45","16540","39.1","2014-12-10 12:48:17"
"45","16541","34.8","2014-12-10 12:48:20"
"45","16542","33.6","2014-12-10 12:48:23"
"45","16543","31.7","2014-12-10 12:48:26"
"45","16544","28","2014-12-10 12:48:29"
"45","16545","21.1","2014-12-10 12:48:32"
"45","16546","9.3","2014-12-10 12:48:35"
"45","16547","1.2","2014-12-10 12:48:48"
"45","16548","5.6","2014-12-10 12:48:51"
"45","16549","9.9","2014-12-10 12:48:54"
"45","16550","16.2","2014-12-10 12:48:57"
"45","16551","20.5","2014-12-10 12:49:00"
"45","16552","24.2","2014-12-10 12:49:03"
"45","16553","29.2","2014-12-10 12:49:06"
"45","16554","31.1","2014-12-10 12:49:09"
"45","16555","33.6","2014-12-10 12:49:12"
"45","16556","36.7","2014-12-10 12:49:15"
"45","16557","29.2","2014-12-10 12:49:18"
"45","16558","17.4","2014-12-10 12:49:21"
"45","16559","6.8","2014-12-10 12:49:24"
"45","16560","1.2","2014-12-10 12:50:11"
"45","16561","1.2","2014-12-10 12:50:30"
"45","16562","1.2","2014-12-10 12:50:46"
"45","16563","1.9","2014-12-10 12:50:49"
"45","16564","6.2","2014-12-10 12:50:52"
"45","16565","8.7","2014-12-10 12:50:55"
"45","16566","14.3","2014-12-10 12:50:58"
"45","16567","17.4","2014-12-10 12:51:01"
"45","16568","15.5","2014-12-10 12:51:04"
"45","16569","5","2014-12-10 12:51:07"
"45","16570","3.1","2014-12-10 12:52:31"
"45","16571","8.7","2014-12-10 12:52:34"
"45","16572","12.4","2014-12-10 12:52:37"
"45","16573","16.8","2014-12-10 12:52:40"
"45","16574","19.9","2014-12-10 12:52:43"
"45","16575","23","2014-12-10 12:52:46"
"45","16576","28.6","2014-12-10 12:52:49"
"45","16577","30.4","2014-12-10 12:52:52"
"45","16578","31.7","2014-12-10 12:52:55"
"45","16579","31.7","2014-12-10 12:52:58"
"45","16580","31.7","2014-12-10 12:53:01"
"45","16581","29.8","2014-12-10 12:53:04"
"45","16582","22.4","2014-12-10 12:53:07"
"45","16583","9.3","2014-12-10 12:53:10"
"45","16584","1.2","2014-12-10 12:53:23"
"45","16585","5.6","2014-12-10 12:53:26"
"45","16586","11.9","2014-12-10 12:53:29"
"45","16587","16.2","2014-12-10 12:53:32"
"45","16588","19.9","2014-12-10 12:53:35"
"45","16589","24.9","2014-12-10 12:53:38"
"45","16590","31.1","2014-12-10 12:53:41"
"45","16591","33.6","2014-12-10 12:53:44"
"45","16592","29.2","2014-12-10 12:53:47"
"45","16593","19.3","2014-12-10 12:53:50"
"45","16594","8.7","2014-12-10 12:53:53"
"45","16595","1.2","2014-12-10 12:55:00"
"45","16596","5.6","2014-12-10 12:55:03"
"45","16597","11.8","2014-12-10 12:55:06"
"45","16598","17.4","2014-12-10 12:55:09"
"45","16599","20.5","2014-12-10 12:55:12"
"45","16600","26.1","2014-12-10 12:55:15"
"45","16601","31.7","2014-12-10 12:55:18"
"45","16602","33.6","2014-12-10 12:55:21"
"45","16603","32.9","2014-12-10 12:55:24"
"45","16604","34.8","2014-12-10 12:55:27"
"45","16605","35.4","2014-12-10 12:55:30"
"45","16606","36","2014-12-10 12:55:33"
"45","16607","35.4","2014-12-10 12:55:36"
"45","16608","34.2","2014-12-10 12:55:39"
"45","16609","34.8","2014-12-10 12:55:42"
"45","16610","29.2","2014-12-10 12:55:45"
"45","16611","24.9","2014-12-10 12:55:48"
"45","16612","18.6","2014-12-10 12:55:51"
"45","16613","18.6","2014-12-10 12:55:54"
"45","16614","22.4","2014-12-10 12:55:57"
"45","16615","26.1","2014-12-10 12:56:00"
"45","16616","30.4","2014-12-10 12:56:03"
"45","16617","29.2","2014-12-10 12:56:06"
"45","16618","28.6","2014-12-10 12:56:09"
"45","16619","24.9","2014-12-10 12:56:12"
"45","16620","18","2014-12-10 12:56:15"
"45","16621","4.3","2014-12-10 12:56:18"
"45","16622","6.2","2014-12-10 12:56:32"
"45","16623","10.6","2014-12-10 12:56:35"
"45","16624","15.5","2014-12-10 12:56:38"
"45","16625","18","2014-12-10 12:56:41"
"45","16626","24.9","2014-12-10 12:56:44"
"45","16627","29.8","2014-12-10 12:56:47"
"45","16628","34.2","2014-12-10 12:56:50"
"45","16629","35.4","2014-12-10 12:56:53"
"45","16630","36.7","2014-12-10 12:56:56"
"45","16631","32.3","2014-12-10 12:56:59"
"45","16632","23.6","2014-12-10 12:57:02"
"45","16633","10.6","2014-12-10 12:57:05"
"45","16634","1.2","2014-12-10 12:57:08"
"45","16635","1.2","2014-12-10 12:57:20"
"45","16636","4.3","2014-12-10 12:57:23"
"45","16637","8.7","2014-12-10 12:57:26"
"45","16638","14.3","2014-12-10 12:57:29"
"45","16639","18.6","2014-12-10 12:57:32"
"45","16640","24.2","2014-12-10 12:57:35"
"45","16641","27.3","2014-12-10 12:57:38"
"45","16642","24.9","2014-12-10 12:57:41"
"45","16643","24.2","2014-12-10 12:57:44"
"45","16644","21.7","2014-12-10 12:57:47"
"45","16645","18.6","2014-12-10 12:57:50"
"45","16646","14.9","2014-12-10 12:57:53"
"45","16647","6.8","2014-12-10 12:57:56"
"45","16648","1.2","2014-12-10 12:58:19"
"45","16649","1.9","2014-12-10 12:58:22"
"45","16650","5.6","2014-12-10 12:58:25"
"45","16651","10.6","2014-12-10 12:58:28"
"45","16652","15.5","2014-12-10 12:58:31"
"45","16653","19.9","2014-12-10 12:58:34"
"45","16654","18.6","2014-12-10 12:58:37"
"45","16655","17.4","2014-12-10 12:58:40"
"45","16656","9.9","2014-12-10 12:58:43"
"45","16657","1.2","2014-12-10 12:58:52"
"45","16658","1.9","2014-12-10 12:58:55"
"45","16659","2.5","2014-12-10 12:58:58"
"48","16762","6.8","2014-12-10 15:51:02"
"48","16763","12.4","2014-12-10 15:51:05"
"48","16764","19.3","2014-12-10 15:51:08"
"48","16765","23","2014-12-10 15:51:11"
"48","16766","26.7","2014-12-10 15:51:14"
"48","16767","29.8","2014-12-10 15:51:17"
"48","16768","29.8","2014-12-10 15:51:20"
"48","16769","29.8","2014-12-10 15:51:23"
"48","16770","28","2014-12-10 15:51:26"
"48","16771","28","2014-12-10 15:51:29"
"48","16772","28.6","2014-12-10 15:51:32"
"48","16773","28.6","2014-12-10 15:51:35"
"48","16774","28.6","2014-12-10 15:51:38"
"48","16775","28.6","2014-12-10 15:51:41"
"48","16776","28","2014-12-10 15:51:44"
"48","16777","28","2014-12-10 15:51:47"
"48","16778","24.9","2014-12-10 15:51:50"
"48","16779","20.5","2014-12-10 15:51:53"
"48","16780","14.3","2014-12-10 15:51:56"
"48","16781","9.3","2014-12-10 15:51:59"
"48","16782","5.6","2014-12-10 15:52:02"
"48","16783","4.3","2014-12-10 15:52:05"
"48","16784","3.7","2014-12-10 15:52:08"
"48","16785","2.5","2014-12-10 15:52:11"
"48","16786","1.2","2014-12-10 15:52:14"
"48","16787","1.9","2014-12-10 15:52:40"
"48","16788","8.1","2014-12-10 15:52:43"
"48","16789","14.3","2014-12-10 15:52:46"
"48","16790","12.4","2014-12-10 15:52:49"
"48","16791","4.3","2014-12-10 15:52:52"
"48","16792","1.9","2014-12-10 15:52:57"
"48","16793","1.2","2014-12-10 15:53:17"
"48","16794","3.7","2014-12-10 15:53:20"
"48","16795","9.9","2014-12-10 15:53:23"
"48","16796","15.5","2014-12-10 15:53:26"
"48","16797","21.1","2014-12-10 15:53:29"
"48","16798","24.9","2014-12-10 15:53:32"
"48","16799","29.2","2014-12-10 15:53:35"
"48","16800","30.4","2014-12-10 15:53:38"
"48","16801","32.9","2014-12-10 15:53:41"
"48","16802","34.2","2014-12-10 15:53:44"
"48","16803","32.9","2014-12-10 15:53:47"
"48","16804","31.1","2014-12-10 15:53:50"
"48","16805","29.2","2014-12-10 15:53:53"
"48","16806","29.2","2014-12-10 15:53:56"
"48","16807","28.6","2014-12-10 15:53:59"
"48","16808","25.5","2014-12-10 15:54:02"
"48","16809","28","2014-12-10 15:54:05"
"48","16810","28","2014-12-10 15:54:08"
"48","16811","26.1","2014-12-10 15:54:11"
"48","16812","23.6","2014-12-10 15:54:14"
"48","16813","20.5","2014-12-10 15:54:17"
"48","16814","12.4","2014-12-10 15:54:20"
"48","16815","6.8","2014-12-10 15:54:23"
"48","16816","3.1","2014-12-10 15:54:26"
"48","16817","1.2","2014-12-10 15:54:29"
"48","16818","1.2","2014-12-10 15:54:32"
"48","16819","1.2","2014-12-10 15:54:43"
"48","16820","3.1","2014-12-10 15:55:02"
"48","16821","8.1","2014-12-10 15:55:05"
"48","16822","16.2","2014-12-10 15:55:08"
"48","16823","19.9","2014-12-10 15:55:11"
"48","16824","22.4","2014-12-10 15:55:14"
"48","16825","20.5","2014-12-10 15:55:17"
"48","16826","13.7","2014-12-10 15:55:20"
"48","16827","1.9","2014-12-10 15:55:31"
"48","16828","6.2","2014-12-10 15:55:34"
"48","16829","11.8","2014-12-10 15:55:37"
"48","16830","17.4","2014-12-10 15:55:40"
"48","16831","21.1","2014-12-10 15:55:43"
"48","16832","21.7","2014-12-10 15:55:46"
"48","16833","26.1","2014-12-10 15:55:49"
"48","16834","25.5","2014-12-10 15:55:52"
"48","16835","23","2014-12-10 15:55:55"
"48","16836","23","2014-12-10 15:55:58"
"48","16837","22.4","2014-12-10 15:56:01"
"48","16838","16.8","2014-12-10 15:56:04"
"48","16839","2.5","2014-12-10 15:56:07"
"48","16840","1.2","2014-12-10 15:56:14"
"48","16841","5.6","2014-12-10 15:56:17"
"48","16842","12.4","2014-12-10 15:56:20"
"48","16843","18.6","2014-12-10 15:56:23"
"48","16844","24.2","2014-12-10 15:56:26"
"48","16845","28","2014-12-10 15:56:29"
"48","16846","31.1","2014-12-10 15:56:32"
"48","16847","31.1","2014-12-10 15:56:35"
"48","16848","29.8","2014-12-10 15:56:38"
"48","16849","24.2","2014-12-10 15:56:41"
"48","16850","19.3","2014-12-10 15:56:44"
"48","16851","14.9","2014-12-10 15:56:47"
"48","16852","8.7","2014-12-10 15:56:50"
"48","16853","5.6","2014-12-10 15:56:53"
"48","16854","2.5","2014-12-10 15:56:56"
"48","16855","2.2","2014-12-10 15:57:35"
"48","16856","2.5","2014-12-10 15:57:38"
"48","16857","1.2","2014-12-10 15:57:49"
"48","16858","7.5","2014-12-10 15:57:52"
"48","16859","14.9","2014-12-10 15:57:55"
"48","16860","19.9","2014-12-10 15:57:58"
"48","16861","23","2014-12-10 15:58:01"
"48","16862","24.2","2014-12-10 15:58:04"
"48","16863","19.9","2014-12-10 15:58:07"
"48","16864","10.6","2014-12-10 15:58:10"
"48","16865","1.9","2014-12-10 15:59:51"
"48","16866","4.3","2014-12-10 15:59:54"
"48","16867","10.6","2014-12-10 15:59:57"
"48","16868","16.2","2014-12-10 16:00:00"
"48","16869","19.9","2014-12-10 16:00:03"
"48","16870","21.7","2014-12-10 16:00:06"
"48","16871","24.2","2014-12-10 16:00:09"
"48","16872","22.4","2014-12-10 16:00:12"
"48","16873","18.6","2014-12-10 16:00:15"
"48","16874","11.2","2014-12-10 16:00:18"
"48","16875","6.2","2014-12-10 16:00:21"
"48","16876","5.6","2014-12-10 16:00:24"
"48","16877","1.9","2014-12-10 16:00:27"
"48","16878","1.9","2014-12-10 16:00:30"
"48","16879","6.2","2014-12-10 16:00:33"
"48","16880","10.6","2014-12-10 16:00:36"
"48","16881","15.5","2014-12-10 16:00:39"
"48","16882","19.9","2014-12-10 16:00:42"
"48","16883","21.1","2014-12-10 16:00:45"
"48","16884","14.9","2014-12-10 16:00:48"
"48","16885","4.3","2014-12-10 16:00:51"
"48","16886","1.9","2014-12-10 16:00:59"
"48","16887","7.5","2014-12-10 16:01:02"
"48","16888","14.3","2014-12-10 16:01:05"
"48","16889","19.9","2014-12-10 16:01:08"
"48","16890","23","2014-12-10 16:01:11"
"48","16891","24.9","2014-12-10 16:01:14"
"48","16892","28","2014-12-10 16:01:17"
"48","16893","29.8","2014-12-10 16:01:20"
"48","16894","29.8","2014-12-10 16:01:23"
"48","16895","29.2","2014-12-10 16:01:26"
"48","16896","27.3","2014-12-10 16:01:29"
"48","16897","26.1","2014-12-10 16:01:32"
"48","16898","27.3","2014-12-10 16:01:35"
"48","16899","21.1","2014-12-10 16:01:38"
"48","16900","9.3","2014-12-10 16:01:41"
"48","16901","1.2","2014-12-10 16:02:08"
"48","16902","5","2014-12-10 16:02:11"
"48","16903","11.8","2014-12-10 16:02:14"
"48","16904","18","2014-12-10 16:02:17"
"48","16905","22.4","2014-12-10 16:02:20"
"48","16906","24.9","2014-12-10 16:02:23"
"48","16907","24.2","2014-12-10 16:02:26"
"48","16908","22.4","2014-12-10 16:02:29"
"48","16909","20.5","2014-12-10 16:02:32"
"48","16910","18.6","2014-12-10 16:02:35"
"48","16911","15.5","2014-12-10 16:02:38"
"48","16912","13.7","2014-12-10 16:02:41"
"48","16913","11.8","2014-12-10 16:02:44"
"48","16914","8.7","2014-12-10 16:02:47"
"48","16915","5","2014-12-10 16:02:50"
"48","16916","3.7","2014-12-10 16:02:53"
"48","16917","2.5","2014-12-10 16:02:56"
"48","16918","1.2","2014-12-10 16:02:59"
"48","16919","1.2","2014-12-10 16:03:06"
"48","16920","2.5","2014-12-10 16:03:09"
"48","16921","3.7","2014-12-10 16:03:12"
"48","16922","3.1","2014-12-10 16:03:15"
"48","16923","3.1","2014-12-10 16:03:18"
"48","16924","3.7","2014-12-10 16:03:21"
"48","16925","3.7","2014-12-10 16:03:24"
"48","16926","3.7","2014-12-10 16:03:27"
"48","16927","4.3","2014-12-10 16:03:30"
"48","16928","5","2014-12-10 16:03:33"
"48","16929","3.7","2014-12-10 16:03:36"
"48","16930","4.3","2014-12-10 16:03:39"
"48","16931","5","2014-12-10 16:03:42"
"48","16932","7.5","2014-12-10 16:03:45"
"48","16933","7.5","2014-12-10 16:03:48"
"48","16934","11.2","2014-12-10 16:03:51"
"48","16935","11.2","2014-12-10 16:03:54"
"48","16936","6.8","2014-12-10 16:03:57"
"48","16937","3.7","2014-12-10 16:04:00"
"48","16938","3.1","2014-12-10 16:04:03"
"48","16939","3.1","2014-12-10 16:04:06"
"48","16940","3.7","2014-12-10 16:04:09"
"48","16941","5","2014-12-10 16:04:12"
"48","16942","1.2","2014-12-10 16:04:15"
"48","16943","1.2","2014-12-10 16:04:19"
"48","16944","1.2","2014-12-10 16:04:22"
"48","16945","1.9","2014-12-10 16:04:25"
"48","16946","1.2","2014-12-10 16:04:28"
"48","16947","1.2","2014-12-10 16:05:17"
"48","16948","1.9","2014-12-10 16:05:20"
"48","16949","1.2","2014-12-10 16:05:39"
"48","16950","6.2","2014-12-10 16:05:42"
"48","16951","7.5","2014-12-10 16:05:45"
"48","16952","8.1","2014-12-10 16:05:48"
"48","16953","6.2","2014-12-10 16:05:51"
"48","16954","3.7","2014-12-10 16:05:54"
"48","16955","3.1","2014-12-10 16:05:57"
"48","16956","2.5","2014-12-10 16:06:00"
"48","16957","1.9","2014-12-10 16:06:03"
"48","16958","1.9","2014-12-10 16:06:06"
"48","16959","2.5","2014-12-10 16:06:09"
"48","16960","2.5","2014-12-10 16:06:12"
"48","16961","2.5","2014-12-10 16:06:15"
"48","16962","3.7","2014-12-10 16:06:18"
"48","16963","3.7","2014-12-10 16:06:21"
"48","16964","1.2","2014-12-10 16:06:24"
"48","16965","1.2","2014-12-10 16:07:35"
"48","16966","2.5","2014-12-10 16:07:38"
"48","16967","1.2","2014-12-10 16:07:41"
"48","16968","5.6","2014-12-10 16:07:44"
"48","16969","11.2","2014-12-10 16:07:47"
"48","16970","11.8","2014-12-10 16:07:50"
"48","16971","15.5","2014-12-10 16:07:53"
"48","16972","16.2","2014-12-10 16:07:56"
"48","16973","16.8","2014-12-10 16:07:59"
"48","16974","13.7","2014-12-10 16:08:02"
"48","16975","6.8","2014-12-10 16:08:05"
"48","16976","3.1","2014-12-10 16:08:08"
"48","16977","2.5","2014-12-10 16:08:11"
"48","16978","1.2","2014-12-10 16:08:14"
"48","16979","1.2","2014-12-10 16:09:51"
"48","16980","6.2","2014-12-10 16:09:54"
"48","16981","12.4","2014-12-10 16:09:57"
"48","16982","16.2","2014-12-10 16:10:00"
"48","16983","14.3","2014-12-10 16:10:03"
"48","16984","13","2014-12-10 16:10:06"
"48","16985","8.7","2014-12-10 16:10:09"
"48","16986","2.5","2014-12-10 16:10:12"
"48","16987","2.5","2014-12-10 16:10:15"
"48","16988","6.2","2014-12-10 16:10:18"
"48","16989","8.7","2014-12-10 16:10:21"
"48","16990","14.3","2014-12-10 16:10:24"
"48","16991","18","2014-12-10 16:10:27"
"48","16992","11.8","2014-12-10 16:10:30"
"48","16993","1.2","2014-12-10 16:11:53"
"48","16994","5.6","2014-12-10 16:11:56"
"48","16995","11.2","2014-12-10 16:11:59"
"48","16996","16.8","2014-12-10 16:12:02"
"48","16997","20.5","2014-12-10 16:12:05"
"48","16998","25.5","2014-12-10 16:12:08"
"48","16999","28","2014-12-10 16:12:11"
"48","17000","30.4","2014-12-10 16:12:14"
"48","17001","32.9","2014-12-10 16:12:17"
"48","17002","33.6","2014-12-10 16:12:20"
"48","17003","32.3","2014-12-10 16:12:23"
"48","17004","29.2","2014-12-10 16:12:26"
"48","17005","21.7","2014-12-10 16:12:29"
"48","17006","8.7","2014-12-10 16:12:32"
"48","17007","1.2","2014-12-10 16:13:23"
"48","17008","4.3","2014-12-10 16:13:26"
"48","17009","11.8","2014-12-10 16:13:29"
"48","17010","17.4","2014-12-10 16:13:32"
"48","17011","21.7","2014-12-10 16:13:35"
"48","17012","23","2014-12-10 16:13:38"
"48","17013","26.1","2014-12-10 16:13:41"
"48","17014","26.1","2014-12-10 16:13:44"
"48","17015","24.2","2014-12-10 16:13:47"
"48","17016","21.7","2014-12-10 16:13:50"
"48","17017","19.9","2014-12-10 16:13:53"
"48","17018","19.9","2014-12-10 16:13:56"
"48","17019","23.6","2014-12-10 16:13:59"
"48","17020","24.9","2014-12-10 16:14:02"
"48","17021","12.4","2014-12-10 16:14:05"
"48","17022","1.9","2014-12-10 16:14:28"
"48","17023","6.2","2014-12-10 16:14:31"
"48","17024","11.8","2014-12-10 16:14:34"
"48","17025","16.8","2014-12-10 16:14:37"
"48","17026","21.1","2014-12-10 16:14:40"
"48","17027","24.9","2014-12-10 16:14:43"
"48","17028","28","2014-12-10 16:14:46"
"48","17029","30.4","2014-12-10 16:14:49"
"48","17030","27.3","2014-12-10 16:14:52"
"48","17031","18.6","2014-12-10 16:14:55"
"48","17032","9.9","2014-12-10 16:14:58"
"48","17033","3.1","2014-12-10 16:15:01"
"48","17034","3.7","2014-12-10 16:15:04"
"48","17035","7.5","2014-12-10 16:15:07"
"48","17036","13","2014-12-10 16:15:10"
"48","17037","16.2","2014-12-10 16:15:13"
"48","17038","21.7","2014-12-10 16:15:16"
"48","17039","21.1","2014-12-10 16:15:19"
"48","17040","8.1","2014-12-10 16:15:22"
"48","17041","1.2","2014-12-10 16:15:33"
"48","17042","1.2","2014-12-10 16:15:47"
"48","17043","6.2","2014-12-10 16:15:50"
"48","17044","12.4","2014-12-10 16:15:53"
"48","17045","18","2014-12-10 16:15:56"
"48","17046","23","2014-12-10 16:15:59"
"48","17047","26.7","2014-12-10 16:16:02"
"48","17048","29.8","2014-12-10 16:16:05"
"48","17049","29.8","2014-12-10 16:16:08"
"48","17050","26.7","2014-12-10 16:16:11"
"48","17051","19.9","2014-12-10 16:16:14"
"48","17052","12.4","2014-12-10 16:16:17"
"48","17053","6.2","2014-12-10 16:16:20"
"48","17054","3.1","2014-12-10 16:16:23"
"48","17055","1.2","2014-12-10 16:16:48"
"48","17056","1.2","2014-12-10 16:16:51"
"48","17057","3.7","2014-12-10 16:16:57"
"48","17058","4.3","2014-12-10 16:17:00"
"48","17059","4.3","2014-12-10 16:17:03"
"48","17060","6.8","2014-12-10 16:17:06"
"48","17061","12.4","2014-12-10 16:17:09"
"48","17062","18","2014-12-10 16:17:12"
"48","17063","22.4","2014-12-10 16:17:15"
"48","17064","26.1","2014-12-10 16:17:18"
"48","17065","20.5","2014-12-10 16:17:21"
"48","17066","9.9","2014-12-10 16:17:24"
"48","17067","1.2","2014-12-10 16:17:58"
"48","17068","1.2","2014-12-10 16:18:30"
"48","17069","5","2014-12-10 16:18:33"
"48","17070","9.9","2014-12-10 16:18:36"
"48","17071","15.5","2014-12-10 16:18:39"
"48","17072","19.3","2014-12-10 16:18:42"
"48","17073","21.7","2014-12-10 16:18:45"
"48","17074","23.6","2014-12-10 16:18:48"
"48","17075","25.5","2014-12-10 16:18:51"
"48","17076","27.3","2014-12-10 16:18:54"
"48","17077","28.6","2014-12-10 16:18:57"
"48","17078","31.1","2014-12-10 16:19:00"
"48","17079","32.3","2014-12-10 16:19:03"
"48","17080","31.7","2014-12-10 16:19:06"
"48","17081","19.9","2014-12-10 16:19:09"
"48","17082","3.7","2014-12-10 16:19:12"
"48","17083","1.2","2014-12-10 16:19:26"
"48","17084","6.8","2014-12-10 16:19:29"
"48","17085","12.4","2014-12-10 16:19:32"
"48","17086","18","2014-12-10 16:19:35"
"48","17087","23","2014-12-10 16:19:38"
"48","17088","26.1","2014-12-10 16:19:41"
"48","17089","29.2","2014-12-10 16:19:44"
"48","17090","31.1","2014-12-10 16:19:47"
"48","17091","33.6","2014-12-10 16:19:50"
"48","17092","34.8","2014-12-10 16:19:53"
"48","17093","35.4","2014-12-10 16:19:56"
"48","17094","36.7","2014-12-10 16:19:59"
"48","17095","26.7","2014-12-10 16:20:02"
"48","17096","8.1","2014-12-10 16:20:05"
"48","17097","1.9","2014-12-10 16:20:20"
"48","17098","6.2","2014-12-10 16:20:23"
"48","17099","11.2","2014-12-10 16:20:26"
"48","17100","15.5","2014-12-10 16:20:29"
"48","17101","19.9","2014-12-10 16:20:32"
"48","17102","22.4","2014-12-10 16:20:35"
"48","17103","24.9","2014-12-10 16:20:38"
"48","17104","28","2014-12-10 16:20:41"
"48","17105","30.4","2014-12-10 16:20:44"
"48","17106","32.3","2014-12-10 16:20:47"
"48","17107","33.6","2014-12-10 16:20:50"
"48","17108","33.6","2014-12-10 16:20:53"
"48","17109","31.7","2014-12-10 16:20:56"
"48","17110","24.9","2014-12-10 16:20:59"
"48","17111","11.8","2014-12-10 16:21:02"
"48","17112","1.9","2014-12-10 16:21:41"
"48","17113","5","2014-12-10 16:21:44"
"48","17114","8.7","2014-12-10 16:21:47"
"48","17115","14.9","2014-12-10 16:21:50"
"48","17116","21.1","2014-12-10 16:21:53"
"48","17117","25.5","2014-12-10 16:21:56"
"48","17118","21.7","2014-12-10 16:21:59"
"48","17119","13.7","2014-12-10 16:22:02"
"48","17120","5","2014-12-10 16:22:05"
"48","17121","1.2","2014-12-10 16:22:08"
"48","17122","3.7","2014-12-10 16:22:29"
"48","17123","8.7","2014-12-10 16:22:32"
"48","17124","16.2","2014-12-10 16:22:35"
"48","17125","21.1","2014-12-10 16:22:38"
"48","17126","25.5","2014-12-10 16:22:41"
"48","17127","19.9","2014-12-10 16:22:44"
"48","17128","6.8","2014-12-10 16:22:47"
"48","17129","1.2","2014-12-10 16:23:08"
"48","17130","5","2014-12-10 16:23:11"
"48","17131","9.9","2014-12-10 16:23:14"
"48","17132","16.8","2014-12-10 16:23:17"
"48","17133","22.4","2014-12-10 16:23:20"
"48","17134","26.1","2014-12-10 16:23:23"
"48","17135","29.8","2014-12-10 16:23:26"
"48","17136","33.1","2014-12-10 16:23:29"
"48","17137","33.6","2014-12-10 16:23:32"
"48","17138","34.2","2014-12-10 16:23:35"
"48","17139","36","2014-12-10 16:23:38"
"48","17140","36.7","2014-12-10 16:23:41"
"48","17141","36","2014-12-10 16:23:44"
"48","17142","35.4","2014-12-10 16:23:47"
"48","17143","24.2","2014-12-10 16:23:50"
"48","17144","11.8","2014-12-10 16:23:53"
"48","17145","5.6","2014-12-10 16:24:06"
"48","17146","11.8","2014-12-10 16:24:09"
"48","17147","18","2014-12-10 16:24:12"
"48","17148","23.6","2014-12-10 16:24:15"
"48","17149","28","2014-12-10 16:24:18"
"48","17150","32.3","2014-12-10 16:24:21"
"48","17151","35.4","2014-12-10 16:24:24"
"48","17152","37.3","2014-12-10 16:24:27"
"48","17153","39.1","2014-12-10 16:24:30"
"48","17154","39.8","2014-12-10 16:24:33"
"48","17155","38.5","2014-12-10 16:24:36"
"48","17156","36","2014-12-10 16:24:39"
"48","17157","34.2","2014-12-10 16:24:42"
"48","17158","31.7","2014-12-10 16:24:45"
"48","17159","27.3","2014-12-10 16:24:48"
"48","17160","21.7","2014-12-10 16:24:51"
"48","17161","20.5","2014-12-10 16:24:54"
"48","17162","22.4","2014-12-10 16:24:57"
"48","17163","25.5","2014-12-10 16:25:00"
"48","17164","27.3","2014-12-10 16:25:03"
"48","17165","30.4","2014-12-10 16:25:06"
"48","17166","33.6","2014-12-10 16:25:09"
"48","17167","32.3","2014-12-10 16:25:12"
"48","17168","30.4","2014-12-10 16:25:15"
"48","17169","25.5","2014-12-10 16:25:18"
"48","17170","18.6","2014-12-10 16:25:21"
"48","17171","9.3","2014-12-10 16:25:24"
"48","17172","4.3","2014-12-10 16:25:27"
"48","17173","1.2","2014-12-10 16:25:57"
"48","17174","1.9","2014-12-10 16:26:00"
"48","17175","1.2","2014-12-10 16:26:55"
"48","17176","3.1","2014-12-10 16:26:58"
"48","17177","8.1","2014-12-10 16:27:01"
"48","17178","14.3","2014-12-10 16:27:04"
"48","17179","19.3","2014-12-10 16:27:07"
"48","17180","23","2014-12-10 16:27:10"
"48","17181","26.1","2014-12-10 16:27:13"
"48","17182","17.4","2014-12-10 16:27:16"
"48","17183","6.2","2014-12-10 16:27:19"
"48","17184","1.2","2014-12-10 16:27:26"
"48","17185","1.9","2014-12-10 16:27:32"
"50","17221","1.2","2014-12-10 16:48:18"
"50","17222","5","2014-12-10 16:48:21"
"50","17223","9.3","2014-12-10 16:48:24"
"50","17224","12.4","2014-12-10 16:48:27"
"50","17225","14.9","2014-12-10 16:48:30"
"50","17226","19.9","2014-12-10 16:48:33"
"50","17227","23.6","2014-12-10 16:48:36"
"50","17228","26.7","2014-12-10 16:48:39"
"50","17229","28.6","2014-12-10 16:48:42"
"50","17230","29.2","2014-12-10 16:48:45"
"50","17231","24.9","2014-12-10 16:48:48"
"50","17232","20.5","2014-12-10 16:48:51"
"50","17233","20.5","2014-12-10 16:48:54"
"50","17234","23","2014-12-10 16:48:57"
"50","17235","22.4","2014-12-10 16:49:00"
"50","17236","18","2014-12-10 16:49:03"
"50","17237","13","2014-12-10 16:49:06"
"50","17238","3.1","2014-12-10 16:49:09"
"50","17239","1.9","2014-12-10 16:50:46"
"50","17240","6.8","2014-12-10 16:50:49"
"50","17241","13","2014-12-10 16:50:52"
"50","17242","16.8","2014-12-10 16:50:55"
"50","17243","21.1","2014-12-10 16:50:58"
"50","17244","23.6","2014-12-10 16:51:01"
"50","17245","22.4","2014-12-10 16:51:04"
"50","17246","18.6","2014-12-10 16:51:07"
"50","17247","13.7","2014-12-10 16:51:10"
"50","17248","11.2","2014-12-10 16:51:13"
"50","17249","9.3","2014-12-10 16:51:16"
"50","17250","7.5","2014-12-10 16:51:19"
"50","17251","5","2014-12-10 16:51:22"
"50","17252","2.5","2014-12-10 16:51:25"
"50","17253","1.9","2014-12-10 16:52:17"
"50","17254","6.2","2014-12-10 16:52:20"
"50","17255","12.4","2014-12-10 16:52:23"
"50","17256","16.8","2014-12-10 16:52:26"
"50","17257","19.9","2014-12-10 16:52:29"
"50","17258","23","2014-12-10 16:52:32"
"50","17259","24.9","2014-12-10 16:52:35"
"50","17260","23","2014-12-10 16:52:38"
"50","17261","16.2","2014-12-10 16:52:41"
"50","17262","8.1","2014-12-10 16:52:44"
"50","17263","1.9","2014-12-10 16:52:47"
"50","17264","2.5","2014-12-10 16:54:01"
"50","17265","6.8","2014-12-10 16:54:04"
"50","17266","6.8","2014-12-10 16:54:07"
"50","17267","2.5","2014-12-10 16:54:10"
"50","17268","2.5","2014-12-10 16:54:13"
"50","17269","5.6","2014-12-10 16:54:16"
"50","17270","9.3","2014-12-10 16:54:19"
"50","17271","13.7","2014-12-10 16:54:22"
"50","17272","15.5","2014-12-10 16:54:25"
"50","17273","18.6","2014-12-10 16:54:28"
"50","17274","19.3","2014-12-10 16:54:31"
"50","17275","23.6","2014-12-10 16:54:34"
"50","17276","21.7","2014-12-10 16:54:37"
"50","17277","19.3","2014-12-10 16:54:40"
"50","17278","20.5","2014-12-10 16:54:43"
"50","17279","21.1","2014-12-10 16:54:46"
"50","17280","23.6","2014-12-10 16:54:49"
"50","17281","22.4","2014-12-10 16:54:52"
"50","17282","22.4","2014-12-10 16:54:55"
"50","17283","19.3","2014-12-10 16:54:58"
"50","17284","12.4","2014-12-10 16:55:01"
"50","17285","6.8","2014-12-10 16:55:04"
"50","17286","1.2","2014-12-10 16:55:07"
"50","17287","1.9","2014-12-10 16:56:04"
"50","17288","6.8","2014-12-10 16:56:07"
"50","17289","9.9","2014-12-10 16:56:10"
"50","17290","15.5","2014-12-10 16:56:13"
"50","17291","16.8","2014-12-10 16:56:16"
"50","17292","13.7","2014-12-10 16:56:19"
"50","17293","11.8","2014-12-10 16:56:22"
"50","17294","9.3","2014-12-10 16:56:25"
"50","17295","6.2","2014-12-10 16:56:28"
"50","17296","1.9","2014-12-10 16:56:31"
"50","17297","1.9","2014-12-10 16:56:34"
"50","17298","5","2014-12-10 16:56:37"
"50","17299","9.9","2014-12-10 16:56:40"
"50","17300","11.2","2014-12-10 16:56:43"
"50","17301","15.5","2014-12-10 16:56:46"
"50","17302","17.4","2014-12-10 16:56:49"
"50","17303","18.6","2014-12-10 16:56:52"
"50","17304","18","2014-12-10 16:56:55"
"50","17305","14.9","2014-12-10 16:56:58"
"50","17306","9.9","2014-12-10 16:57:01"
"50","17307","5","2014-12-10 16:57:04"
"50","17308","3.7","2014-12-10 16:57:07"
"50","17309","3.1","2014-12-10 16:57:10"
"50","17310","2.5","2014-12-10 16:57:13"
"50","17311","1.9","2014-12-10 16:57:16"
"50","17312","1.2","2014-12-10 17:01:02"
"50","17313","3.7","2014-12-10 17:01:05"
"50","17314","10.6","2014-12-10 17:01:08"
"50","17315","14.3","2014-12-10 17:01:11"
"50","17316","18","2014-12-10 17:01:14"
"50","17317","19.3","2014-12-10 17:01:17"
"50","17318","20.5","2014-12-10 17:01:20"
"50","17319","19.9","2014-12-10 17:01:23"
"50","17320","15.5","2014-12-10 17:01:26"
"50","17321","8.1","2014-12-10 17:01:29"
"50","17322","5","2014-12-10 17:01:32"
"50","17323","1.9","2014-12-10 17:01:35"
"50","17324","3.1","2014-12-10 17:01:42"
"50","17325","8.7","2014-12-10 17:01:45"
"50","17326","14.9","2014-12-10 17:01:48"
"50","17327","18.6","2014-12-10 17:01:51"
"50","17328","19.3","2014-12-10 17:01:54"
"50","17329","19.3","2014-12-10 17:01:57"
"50","17330","11.2","2014-12-10 17:02:00"
"50","17331","5","2014-12-10 17:02:03"
"50","17332","1.2","2014-12-10 17:02:06"
"50","17333","1.2","2014-12-10 17:03:07"
"50","17334","4.3","2014-12-10 17:03:10"
"50","17335","5","2014-12-10 17:03:13"
"50","17336","14.9","2014-12-10 17:03:16"
"50","17337","18.6","2014-12-10 17:03:19"
"50","17338","21.1","2014-12-10 17:03:22"
"50","17339","23","2014-12-10 17:03:25"
"50","17340","22.4","2014-12-10 17:03:28"
"50","17341","16.8","2014-12-10 17:03:31"
"50","17342","9.3","2014-12-10 17:03:34"
"50","17343","3.1","2014-12-10 17:03:37"
"50","17344","1.2","2014-12-10 17:04:09"
"50","17345","5.6","2014-12-10 17:04:24"
"50","17346","9.9","2014-12-10 17:04:27"
"50","17347","14.9","2014-12-10 17:04:30"
"50","17348","18","2014-12-10 17:04:33"
"50","17349","21.1","2014-12-10 17:04:36"
"50","17350","20.4","2014-12-10 17:04:39"
"50","17351","14.3","2014-12-10 17:04:42"
"50","17352","6.2","2014-12-10 17:04:45"
"50","17353","2.5","2014-12-10 17:04:48"
"50","17354","1.9","2014-12-10 17:04:57"
"587","100654","1.4","2014-12-17 10:11:33"
"587","100655","1.2","2014-12-17 10:11:38"
"587","100656","1.7","2014-12-17 10:11:48"
"587","100657","1.2","2014-12-17 10:11:52"
"587","100658","1.9","2014-12-17 10:11:55"
"587","100659","22.4","2014-12-17 10:12:21"
"587","100660","23.6","2014-12-17 10:12:27"
"587","100661","23.6","2014-12-17 10:12:28"
"587","100662","24.9","2014-12-17 10:12:31"
"587","100663","22.4","2014-12-17 10:12:34"
"587","100664","14.9","2014-12-17 10:12:37"
"587","100665","3.7","2014-12-17 10:12:40"
"587","100666","1.9","2014-12-17 10:12:50"
"587","100667","5","2014-12-17 10:13:00"
"587","100668","9.3","2014-12-17 10:13:06"
"587","100669","19.3","2014-12-17 10:13:12"
"587","100670","30.4","2014-12-17 10:13:18"
"587","100671","37.9","2014-12-17 10:13:24"
"587","100672","28.9","2014-12-17 10:13:32"
"587","100673","20.5","2014-12-17 10:13:37"
"587","100674","5","2014-12-17 10:13:43"
"587","100675","1.2","2014-12-17 10:13:49"
"587","100676","1.2","2014-12-17 10:13:57"
"587","100677","3.7","2014-12-17 10:14:02"
"587","100678","1.2","2014-12-17 10:14:07"
"587","100679","9.9","2014-12-17 10:14:19"
"587","100680","27.3","2014-12-17 10:14:22"
"587","100681","34.2","2014-12-17 10:14:26"
"587","100682","14.3","2014-12-17 10:14:32"
"587","100683","23.6","2014-12-17 10:14:38"
"587","100684","31.1","2014-12-17 10:14:44"
"587","100685","14.3","2014-12-17 10:14:50"
"587","100686","3.1","2014-12-17 10:14:56"
"587","100687","1.2","2014-12-17 10:15:02"
"587","100688","1.2","2014-12-17 10:15:20"
"587","100689","1.2","2014-12-17 10:15:27"
"587","100690","9.9","2014-12-17 10:15:44"
"587","100691","20.5","2014-12-17 10:15:50"
"587","100692","3.1","2014-12-17 10:15:56"
"587","100693","2.5","2014-12-17 10:16:02"
"216","48976","1.6","2015-01-06 07:36:17"
"216","48977","1.2","2015-01-06 07:36:25"
"216","48978","4.3","2015-01-06 07:36:28"
"216","48979","11.2","2015-01-06 07:36:31"
"216","48980","18.6","2015-01-06 07:36:34"
"216","48981","26.7","2015-01-06 07:36:39"
"216","48982","29.2","2015-01-06 07:36:42"
"216","48983","32.3","2015-01-06 07:36:45"
"216","48984","37.9","2015-01-06 07:36:52"
"216","48985","39.8","2015-01-06 07:36:55"
"216","48986","41","2015-01-06 07:36:58"
"216","48987","40.4","2015-01-06 07:37:01"
"216","48988","34.2","2015-01-06 07:37:04"
"216","48989","24.2","2015-01-06 07:37:07"
"216","48990","18","2015-01-06 07:37:10"
"216","48991","11.8","2015-01-06 07:37:13"
"216","48992","11.2","2015-01-06 07:37:16"
"216","48993","14.3","2015-01-06 07:37:19"
"216","48994","15.5","2015-01-06 07:37:23"
"216","48995","18.6","2015-01-06 07:37:26"
"216","48996","23","2015-01-06 07:37:29"
"216","48997","23.6","2015-01-06 07:37:32"
"216","48998","16.2","2015-01-06 07:37:35"
"216","48999","3.1","2015-01-06 07:37:38"
"216","49000","1.2","2015-01-06 07:37:41"
"216","49001","1.2","2015-01-06 07:37:47"
"216","49002","1.2","2015-01-06 07:37:53"
"216","49003","4.3","2015-01-06 07:37:56"
"216","49004","9.9","2015-01-06 07:37:59"
"216","49005","17.4","2015-01-06 07:38:02"
"216","49006","23.6","2015-01-06 07:38:05"
"216","49007","28","2015-01-06 07:38:08"
"216","49008","35.4","2015-01-06 07:38:15"
"216","49009","37.9","2015-01-06 07:38:20"
"216","49010","32.9","2015-01-06 07:38:23"
"216","49011","14.9","2015-01-06 07:38:26"
"216","49012","3.1","2015-01-06 07:38:30"
"216","49013","1.2","2015-01-06 07:38:38"
"216","49014","5","2015-01-06 07:38:44"
"216","49015","11.2","2015-01-06 07:38:47"
"216","49016","21.1","2015-01-06 07:38:50"
"216","49017","24.9","2015-01-06 07:38:53"
"216","49018","29.2","2015-01-06 07:38:58"
"216","49019","32.3","2015-01-06 07:39:01"
"216","49020","35.4","2015-01-06 07:39:04"
"216","49021","30.4","2015-01-06 07:39:07"
"216","49022","26.7","2015-01-06 07:39:10"
"216","49023","28.6","2015-01-06 07:39:13"
"216","49024","29.8","2015-01-06 07:39:16"
"216","49025","23.6","2015-01-06 07:39:19"
"216","49026","8.1","2015-01-06 07:39:22"
"216","49027","1.2","2015-01-06 07:39:25"
"216","49028","1.2","2015-01-06 07:39:35"
"216","49029","3.1","2015-01-06 07:39:38"
"216","49030","7.5","2015-01-06 07:39:41"
"216","49031","15.5","2015-01-06 07:39:44"
"216","49032","20.5","2015-01-06 07:39:47"
"216","49033","28.6","2015-01-06 07:39:50"
"216","49034","30.4","2015-01-06 07:39:53"
"216","49035","33.6","2015-01-06 07:39:56"
"216","49036","29.2","2015-01-06 07:39:59"
"216","49037","21.1","2015-01-06 07:40:02"
"216","49038","8.1","2015-01-06 07:40:05"
"216","49039","1.2","2015-01-06 07:40:18"
"216","49040","2.5","2015-01-06 07:40:22"
"216","49041","5.6","2015-01-06 07:40:25"
"216","49042","14.3","2015-01-06 07:40:28"
"216","49043","21.7","2015-01-06 07:40:32"
"216","49044","33.6","2015-01-06 07:40:40"
"216","49045","37.3","2015-01-06 07:40:43"
"216","49046","39.1","2015-01-06 07:40:46"
"216","49047","32.3","2015-01-06 07:40:49"
"216","49048","28.6","2015-01-06 07:40:52"
"216","49049","16.8","2015-01-06 07:40:55"
"216","49050","2.5","2015-01-06 07:40:58"
"231","52415","1.2","2015-01-06 14:09:06"
"231","52416","1.9","2015-01-06 14:09:11"
"231","52417","11.2","2015-01-06 14:09:14"
"231","52418","19.9","2015-01-06 14:09:17"
"231","52419","26.1","2015-01-06 14:09:20"
"231","52420","32.3","2015-01-06 14:09:23"
"231","52421","36","2015-01-06 14:09:26"
"231","52422","39.1","2015-01-06 14:09:29"
"231","52423","41","2015-01-06 14:09:32"
"231","52424","42.3","2015-01-06 14:09:35"
"231","52425","43.5","2015-01-06 14:09:38"
"231","52426","43.5","2015-01-06 14:09:41"
"231","52427","44.1","2015-01-06 14:09:44"
"231","52428","44.7","2015-01-06 14:09:47"
"231","52429","44.1","2015-01-06 14:09:50"
"231","52430","44.7","2015-01-06 14:09:53"
"231","52431","44.7","2015-01-06 14:09:56"
"231","52432","41.6","2015-01-06 14:09:59"
"231","52433","37.3","2015-01-06 14:10:02"
"231","52434","30.4","2015-01-06 14:10:05"
"231","52435","20.5","2015-01-06 14:10:08"
"231","52436","11.2","2015-01-06 14:10:11"
"231","52437","5","2015-01-06 14:10:14"
"231","52438","1.2","2015-01-06 14:10:17"
"231","52439","1.2","2015-01-06 14:10:54"
"231","52440","6.2","2015-01-06 14:10:57"
"231","52441","13","2015-01-06 14:11:00"
"231","52442","19.3","2015-01-06 14:11:03"
"231","52443","21.1","2015-01-06 14:11:06"
"231","52444","23","2015-01-06 14:11:09"
"231","52445","15.5","2015-01-06 14:11:12"
"231","52446","8.1","2015-01-06 14:11:15"
"233","52511","1.2","2015-01-06 14:38:09"
"233","52512","1.2","2015-01-06 14:38:22"
"233","52513","5.6","2015-01-06 14:38:25"
"233","52514","11.8","2015-01-06 14:38:28"
"233","52515","18.6","2015-01-06 14:38:31"
"233","52516","23.6","2015-01-06 14:38:34"
"233","52517","29.2","2015-01-06 14:38:37"
"233","52518","33.6","2015-01-06 14:38:40"
"233","52519","33.6","2015-01-06 14:38:43"
"233","52520","31.7","2015-01-06 14:38:46"
"233","52521","33.6","2015-01-06 14:38:49"
"233","52522","30.4","2015-01-06 14:38:52"
"233","52523","14.9","2015-01-06 14:38:55"
"233","52524","8.1","2015-01-06 14:38:58"
"233","52525","11.2","2015-01-06 14:39:01"
"233","52526","17.4","2015-01-06 14:39:04"
"233","52527","13.7","2015-01-06 14:39:07"
"233","52528","2.5","2015-01-06 14:39:10"
"233","52529","1.9","2015-01-06 14:39:20"
"233","52530","6.8","2015-01-06 14:39:23"
"233","52531","14.3","2015-01-06 14:39:26"
"233","52532","21.1","2015-01-06 14:39:29"
"233","52533","25.5","2015-01-06 14:39:32"
"233","52534","23","2015-01-06 14:39:35"
"233","52535","17.4","2015-01-06 14:39:38"
"233","52536","13.7","2015-01-06 14:39:41"
"233","52537","10.6","2015-01-06 14:39:44"
"233","52538","6.2","2015-01-06 14:39:47"
"233","52539","1.9","2015-01-06 14:39:50"
"233","52540","1.2","2015-01-06 14:40:10"
"233","52541","6.8","2015-01-06 14:40:13"
"233","52542","13","2015-01-06 14:40:16"
"233","52543","19.3","2015-01-06 14:40:19"
"233","52544","19.9","2015-01-06 14:40:22"
"233","52545","12.4","2015-01-06 14:40:25"
"233","52546","1.2","2015-01-06 14:40:28"
"233","52547","1.2","2015-01-06 14:40:51"
"233","52548","5.6","2015-01-06 14:40:54"
"233","52549","11.8","2015-01-06 14:40:57"
"233","52550","18","2015-01-06 14:41:00"
"233","52551","23","2015-01-06 14:41:03"
"233","52552","26.1","2015-01-06 14:41:06"
"233","52553","28.6","2015-01-06 14:41:09"
"233","52554","30.4","2015-01-06 14:41:12"
"233","52555","26.7","2015-01-06 14:41:15"
"233","52556","15.5","2015-01-06 14:41:18"
"233","52557","1.9","2015-01-06 14:41:21"
"233","52558","1.2","2015-01-06 14:41:27"
"233","52559","6.8","2015-01-06 14:41:30"
"233","52560","13.7","2015-01-06 14:41:33"
"233","52561","20.5","2015-01-06 14:41:36"
"233","52562","24.2","2015-01-06 14:41:39"
"233","52563","28.6","2015-01-06 14:41:42"
"233","52564","31.1","2015-01-06 14:41:45"
"233","52565","32.9","2015-01-06 14:41:48"
"233","52566","33.6","2015-01-06 14:41:51"
"233","52567","34.2","2015-01-06 14:41:54"
"233","52568","33.6","2015-01-06 14:41:57"
"233","52569","29.8","2015-01-06 14:42:00"
"233","52570","23.6","2015-01-06 14:42:03"
"233","52571","16.8","2015-01-06 14:42:06"
"233","52572","9.9","2015-01-06 14:42:09"
"233","52573","2.5","2015-01-06 14:42:12"
"233","52574","1.9","2015-01-06 14:43:11"
"233","52575","8.1","2015-01-06 14:43:14"
"233","52576","15.5","2015-01-06 14:43:17"
"233","52577","21.1","2015-01-06 14:43:20"
"233","52578","24.2","2015-01-06 14:43:23"
"233","52579","28.6","2015-01-06 14:43:26"
"233","52580","31.1","2015-01-06 14:43:29"
"233","52581","32.3","2015-01-06 14:43:32"
"233","52582","32.3","2015-01-06 14:43:35"
"233","52583","31.7","2015-01-06 14:43:38"
"233","52584","31.7","2015-01-06 14:43:41"
"233","52585","31.1","2015-01-06 14:43:44"
"233","52586","31.1","2015-01-06 14:43:47"
"233","52587","31.7","2015-01-06 14:43:50"
"233","52588","31.7","2015-01-06 14:43:53"
"233","52589","32.9","2015-01-06 14:43:56"
"233","52590","32.9","2015-01-06 14:43:59"
"233","52591","32.9","2015-01-06 14:44:02"
"233","52592","32.9","2015-01-06 14:44:05"
"233","52593","31.7","2015-01-06 14:44:08"
"233","52594","30.4","2015-01-06 14:44:11"
"233","52595","28","2015-01-06 14:44:14"
"233","52596","24.2","2015-01-06 14:44:17"
"233","52597","19.9","2015-01-06 14:44:20"
"233","52598","8.7","2015-01-06 14:44:23"
"236","52811","3.1","2015-01-06 17:38:57"
"236","52812","8.1","2015-01-06 17:39:00"
"236","52813","14.9","2015-01-06 17:39:03"
"236","52814","19.9","2015-01-06 17:39:06"
"236","52815","23.6","2015-01-06 17:39:09"
"236","52816","22.4","2015-01-06 17:39:12"
"236","52817","23","2015-01-06 17:39:15"
"236","52818","20.5","2015-01-06 17:39:18"
"236","52819","16.8","2015-01-06 17:39:21"
"236","52820","11.8","2015-01-06 17:39:24"
"236","52821","7.5","2015-01-06 17:39:27"
"236","52822","1.9","2015-01-06 17:39:30"
"236","52823","1.9","2015-01-06 17:39:39"
"236","52824","11.2","2015-01-06 17:39:42"
"236","52825","18","2015-01-06 17:39:45"
"236","52826","21.7","2015-01-06 17:39:48"
"236","52827","23","2015-01-06 17:39:51"
"236","52828","18.6","2015-01-06 17:39:54"
"236","52829","9.3","2015-01-06 17:39:57"
"236","52830","1.9","2015-01-06 17:40:09"
"236","52831","11.2","2015-01-06 17:40:12"
"236","52832","19.3","2015-01-06 17:40:15"
"236","52833","22.4","2015-01-06 17:40:18"
"236","52834","21.7","2015-01-06 17:40:21"
"236","52835","18","2015-01-06 17:40:24"
"236","52836","9.9","2015-01-06 17:40:27"
"236","52837","3.7","2015-01-06 17:40:30"
"236","52838","1.2","2015-01-06 17:40:33"
"236","52839","1.2","2015-01-06 17:40:37"
"236","52840","1.2","2015-01-06 17:40:47"
"236","52841","1.9","2015-01-06 17:40:50"
"236","52842","1.9","2015-01-06 17:40:53"
"236","52843","5.6","2015-01-06 17:40:56"
"236","52844","8.7","2015-01-06 17:40:59"
"236","52845","9.3","2015-01-06 17:41:02"
"236","52846","5","2015-01-06 17:41:05"
"236","52847","3.1","2015-01-06 17:41:08"
"236","52848","3.1","2015-01-06 17:41:11"
"236","52849","7.5","2015-01-06 17:41:14"
"236","52850","11.8","2015-01-06 17:41:17"
"236","52851","18","2015-01-06 17:41:20"
"236","52852","21.1","2015-01-06 17:41:23"
"236","52853","13.7","2015-01-06 17:41:26"
"236","52854","4.3","2015-01-06 17:41:29"
"239","52913","1.2","2015-01-06 17:48:18"
"239","52914","9.3","2015-01-06 17:48:27"
"239","52915","17.4","2015-01-06 17:48:30"
"239","52916","23.6","2015-01-06 17:48:33"
"239","52917","29.2","2015-01-06 17:48:36"
"239","52918","32.9","2015-01-06 17:48:39"
"239","52919","36.7","2015-01-06 17:48:42"
"239","52920","39.8","2015-01-06 17:48:45"
"239","52921","39.8","2015-01-06 17:48:48"
"239","52922","39.8","2015-01-06 17:48:51"
"239","52923","41","2015-01-06 17:48:54"
"239","52924","37.3","2015-01-06 17:48:57"
"239","52925","29.2","2015-01-06 17:49:00"
"239","52926","24.2","2015-01-06 17:49:03"
"239","52927","24.9","2015-01-06 17:49:06"
"239","52928","28","2015-01-06 17:49:09"
"239","52929","29.8","2015-01-06 17:49:12"
"239","52930","28","2015-01-06 17:49:15"
"239","52931","28.6","2015-01-06 17:49:18"
"239","52932","31.1","2015-01-06 17:49:21"
"239","52933","34.8","2015-01-06 17:49:24"
"239","52934","34.8","2015-01-06 17:49:27"
"239","52935","34.8","2015-01-06 17:49:30"
"239","52936","32.9","2015-01-06 17:49:33"
"239","52937","28.6","2015-01-06 17:49:36"
"239","52938","24.2","2015-01-06 17:49:39"
"239","52939","26.7","2015-01-06 17:49:42"
"239","52940","26.1","2015-01-06 17:49:45"
"239","52941","16.8","2015-01-06 17:49:48"
"239","52942","5","2015-01-06 17:49:51"
"239","52943","2.5","2015-01-06 17:50:03"
"239","52944","8.1","2015-01-06 17:50:06"
"239","52945","19.3","2015-01-06 17:50:09"
"239","52946","25.5","2015-01-06 17:50:12"
"239","52947","30.4","2015-01-06 17:50:15"
"239","52948","35.4","2015-01-06 17:50:18"
"239","52949","36","2015-01-06 17:50:21"
"239","52950","33.6","2015-01-06 17:50:24"
"239","52951","25.5","2015-01-06 17:50:27"
"239","52952","18.6","2015-01-06 17:50:30"
"239","52953","11.2","2015-01-06 17:50:33"
"239","52954","3.1","2015-01-06 17:50:36"
"239","52955","1.9","2015-01-06 17:51:06"
"239","52956","11.8","2015-01-06 17:51:09"
"239","52957","22.4","2015-01-06 17:51:12"
"239","52958","29.8","2015-01-06 17:51:15"
"239","52959","36","2015-01-06 17:51:18"
"239","52960","34.2","2015-01-06 17:51:21"
"239","52961","37.9","2015-01-06 17:51:24"
"239","52962","38.5","2015-01-06 17:51:27"
"239","52963","40.4","2015-01-06 17:51:30"
"239","52964","37.9","2015-01-06 17:51:33"
"239","52965","35.4","2015-01-06 17:51:36"
"239","52966","28.6","2015-01-06 17:51:39"
"239","52967","20.5","2015-01-06 17:51:42"
"239","52968","8.1","2015-01-06 17:51:45"
"239","52969","1.2","2015-01-06 17:51:55"
"239","52970","8.7","2015-01-06 17:51:58"
"239","52971","18","2015-01-06 17:52:01"
"239","52972","23","2015-01-06 17:52:04"
"239","52973","27.3","2015-01-06 17:52:07"
"239","52974","31.7","2015-01-06 17:52:10"
"239","52975","32.9","2015-01-06 17:52:13"
"239","52976","32.3","2015-01-06 17:52:16"
"239","52977","27.3","2015-01-06 17:52:19"
"239","52978","22.4","2015-01-06 17:52:22"
"239","52979","21.1","2015-01-06 17:52:25"
"239","52980","25.5","2015-01-06 17:52:28"
"239","52981","26.1","2015-01-06 17:52:31"
"239","52982","18.6","2015-01-06 17:52:34"
"239","52983","6.8","2015-01-06 17:52:37"
"239","52984","1.9","2015-01-06 17:53:09"
"239","52985","8.7","2015-01-06 17:53:12"
"239","52986","17.4","2015-01-06 17:53:15"
"239","52987","22.4","2015-01-06 17:53:18"
"239","52988","28","2015-01-06 17:53:21"
"239","52989","32.9","2015-01-06 17:53:24"
"239","52990","36","2015-01-06 17:53:27"
"239","52991","38.5","2015-01-06 17:53:30"
"239","52992","34.8","2015-01-06 17:53:33"
"239","52993","27.3","2015-01-06 17:53:36"
"239","52994","19.3","2015-01-06 17:53:39"
"239","52995","10.6","2015-01-06 17:53:42"
"239","52996","1.9","2015-01-06 17:54:00"
"239","52997","9.3","2015-01-06 17:54:03"
"239","52998","16.8","2015-01-06 17:54:06"
"239","52999","23","2015-01-06 17:54:09"
"239","53000","28.6","2015-01-06 17:54:12"
"239","53001","32.3","2015-01-06 17:54:15"
"239","53002","36","2015-01-06 17:54:18"
"239","53003","34.2","2015-01-06 17:54:21"
"239","53004","29.8","2015-01-06 17:54:24"
"239","53005","23","2015-01-06 17:54:27"
"239","53006","16.2","2015-01-06 17:54:30"
"239","53007","8.1","2015-01-06 17:54:33"
"239","53008","1.9","2015-01-06 17:54:36"
"239","53009","1.9","2015-01-06 17:55:24"
"239","53010","9.3","2015-01-06 17:55:27"
"239","53011","18.6","2015-01-06 17:55:30"
"239","53012","22.4","2015-01-06 17:55:33"
"239","53013","14.9","2015-01-06 17:55:36"
"239","53014","5.6","2015-01-06 17:55:39"
"239","53015","7.5","2015-01-06 17:56:12"
"239","53016","15.5","2015-01-06 17:56:15"
"239","53017","21.7","2015-01-06 17:56:18"
"239","53018","26.7","2015-01-06 17:56:21"
"239","53019","31.1","2015-01-06 17:56:24"
"239","53020","33.6","2015-01-06 17:56:27"
"239","53021","33.6","2015-01-06 17:56:30"
"239","53022","33.6","2015-01-06 17:56:33"
"239","53023","31.7","2015-01-06 17:56:36"
"239","53024","26.1","2015-01-06 17:56:39"
"239","53025","14.3","2015-01-06 17:56:42"
"242","53098","1.2","2015-01-06 19:33:06"
"242","53099","1.2","2015-01-06 19:33:13"
"242","53100","1.2","2015-01-06 19:33:19"
"242","53101","1.9","2015-01-06 19:33:27"
"242","53102","5.6","2015-01-06 19:33:30"
"242","53103","12.4","2015-01-06 19:33:33"
"242","53104","16.2","2015-01-06 19:33:36"
"242","53105","19.9","2015-01-06 19:33:39"
"242","53106","22.4","2015-01-06 19:33:42"
"242","53107","24.2","2015-01-06 19:33:45"
"242","53108","24.9","2015-01-06 19:33:48"
"242","53109","24.2","2015-01-06 19:33:51"
"242","53110","23","2015-01-06 19:33:54"
"242","53111","23","2015-01-06 19:33:57"
"242","53112","22.4","2015-01-06 19:34:00"
"242","53113","19.9","2015-01-06 19:34:03"
"242","53114","15.5","2015-01-06 19:34:06"
"242","53115","9.3","2015-01-06 19:34:09"
"242","53116","5.6","2015-01-06 19:34:12"
"242","53117","3.1","2015-01-06 19:34:15"
"242","53118","1.2","2015-01-06 19:34:34"
"242","53119","5.3","2015-01-06 19:34:37"
"242","53120","10.6","2015-01-06 19:34:40"
"242","53121","14.9","2015-01-06 19:34:43"
"242","53122","18.6","2015-01-06 19:34:46"
"242","53123","19.3","2015-01-06 19:34:49"
"242","53124","11.8","2015-01-06 19:34:52"
"242","53125","2.5","2015-01-06 19:34:55"
"242","53126","2.5","2015-01-06 19:35:33"
"242","53127","9.9","2015-01-06 19:35:36"
"242","53128","16.2","2015-01-06 19:35:39"
"242","53129","20.5","2015-01-06 19:35:42"
"242","53130","22.4","2015-01-06 19:35:45"
"242","53131","24.2","2015-01-06 19:35:48"
"242","53132","26.1","2015-01-06 19:35:51"
"242","53133","26.7","2015-01-06 19:35:54"
"242","53134","28.6","2015-01-06 19:35:57"
"242","53135","28.6","2015-01-06 19:36:00"
"242","53136","24.9","2015-01-06 19:36:03"
"242","53137","21.1","2015-01-06 19:36:06"
"242","53138","14.3","2015-01-06 19:36:09"
"242","53139","7.5","2015-01-06 19:36:12"
"242","53140","1.2","2015-01-06 19:36:15"
"242","53141","7.5","2015-01-06 19:36:46"
"242","53142","13.7","2015-01-06 19:36:49"
"242","53143","18","2015-01-06 19:36:52"
"242","53144","22.4","2015-01-06 19:36:55"
"242","53145","25.5","2015-01-06 19:36:58"
"242","53146","28.6","2015-01-06 19:37:01"
"242","53147","26.7","2015-01-06 19:37:04"
"242","53148","23.6","2015-01-06 19:37:07"
"242","53149","21.1","2015-01-06 19:37:10"
"242","53150","18","2015-01-06 19:37:13"
"242","53151","14.3","2015-01-06 19:37:16"
"242","53152","15.5","2015-01-06 19:37:19"
"242","53153","11.8","2015-01-06 19:37:22"
"242","53154","6.2","2015-01-06 19:37:25"
"242","53155","1.2","2015-01-06 19:38:24"
"242","53156","10.6","2015-01-06 19:38:27"
"242","53157","13.7","2015-01-06 19:38:30"
"242","53158","13.7","2015-01-06 19:38:33"
"242","53159","16.8","2015-01-06 19:38:36"
"242","53160","18.6","2015-01-06 19:38:39"
"242","53161","19.9","2015-01-06 19:38:42"
"242","53162","18.6","2015-01-06 19:38:45"
"242","53163","16.8","2015-01-06 19:38:48"
"242","53164","21.7","2015-01-06 19:38:51"
"242","53165","25.5","2015-01-06 19:38:54"
"242","53166","29.8","2015-01-06 19:38:57"
"242","53167","30.4","2015-01-06 19:39:00"
"242","53168","30.4","2015-01-06 19:39:03"
"242","53169","25.5","2015-01-06 19:39:06"
"242","53170","23.6","2015-01-06 19:39:09"
"242","53171","19.3","2015-01-06 19:39:12"
"242","53172","20.5","2015-01-06 19:39:15"
"242","53173","21.1","2015-01-06 19:39:18"
"242","53174","19.9","2015-01-06 19:39:21"
"242","53175","17.4","2015-01-06 19:39:24"
"242","53176","13","2015-01-06 19:39:27"
"242","53177","9.3","2015-01-06 19:39:30"
"242","53178","8.7","2015-01-06 19:39:33"
"242","53179","14.3","2015-01-06 19:39:36"
"242","53180","11.8","2015-01-06 19:39:39"
"242","53181","6.8","2015-01-06 19:39:42"
"242","53182","5","2015-01-06 19:39:45"
"242","53183","3.1","2015-01-06 19:39:48"
"242","53184","3.1","2015-01-06 19:39:51"
"242","53185","1.9","2015-01-06 19:39:54"
"242","53186","6.2","2015-01-06 19:39:57"
"242","53187","14.9","2015-01-06 19:40:00"
"242","53188","19.9","2015-01-06 19:40:03"
"242","53189","23","2015-01-06 19:40:06"
"242","53190","22.4","2015-01-06 19:40:09"
"242","53191","21.1","2015-01-06 19:40:12"
"242","53192","18.6","2015-01-06 19:40:15"
"242","53193","11.2","2015-01-06 19:40:18"
"242","53194","6.8","2015-01-06 19:40:21"
"242","53195","3.7","2015-01-06 19:40:24"
"242","53196","1.2","2015-01-06 19:40:27"
"242","53197","1.9","2015-01-06 19:40:31"
"242","53198","6.2","2015-01-06 19:40:34"
"242","53199","11.8","2015-01-06 19:40:37"
"242","53200","15.5","2015-01-06 19:40:40"
"242","53201","18","2015-01-06 19:40:43"
"242","53202","20.5","2015-01-06 19:40:46"
"242","53203","21.7","2015-01-06 19:40:49"
"242","53204","22.4","2015-01-06 19:40:52"
"242","53205","23.6","2015-01-06 19:40:55"
"242","53206","21.1","2015-01-06 19:40:58"
"242","53207","12.4","2015-01-06 19:41:01"
"242","53208","5.6","2015-01-06 19:41:04"
"242","53209","2.5","2015-01-06 19:41:07"
"242","53210","1.2","2015-01-06 19:41:20"
"242","53211","9.9","2015-01-06 19:41:23"
"242","53212","16.2","2015-01-06 19:41:26"
"242","53213","19.9","2015-01-06 19:41:29"
"242","53214","23.6","2015-01-06 19:41:32"
"242","53215","26.1","2015-01-06 19:41:35"
"242","53216","26.1","2015-01-06 19:41:38"
"242","53217","26.1","2015-01-06 19:41:41"
"242","53218","26.1","2015-01-06 19:41:44"
"242","53219","26.1","2015-01-06 19:41:47"
"242","53220","26.1","2015-01-06 19:41:50"
"242","53221","27.3","2015-01-06 19:41:53"
"242","53222","28.6","2015-01-06 19:41:56"
"242","53223","28.6","2015-01-06 19:41:59"
"242","53224","29.2","2015-01-06 19:42:02"
"242","53225","29.8","2015-01-06 19:42:05"
"242","53226","26.7","2015-01-06 19:42:08"
"242","53227","26.1","2015-01-06 19:42:11"
"242","53228","27.3","2015-01-06 19:42:14"
"242","53229","29.2","2015-01-06 19:42:17"
"242","53230","31.7","2015-01-06 19:42:20"
"242","53231","29.8","2015-01-06 19:42:23"
"242","53232","29.2","2015-01-06 19:42:26"
"242","53233","28","2015-01-06 19:42:29"
"242","53234","29.2","2015-01-06 19:42:32"
"242","53235","31.1","2015-01-06 19:42:35"
"242","53236","32.3","2015-01-06 19:42:38"
"242","53237","27.3","2015-01-06 19:42:41"
"242","53238","21.1","2015-01-06 19:42:44"
"242","53239","14.3","2015-01-06 19:42:47"
"242","53240","6.8","2015-01-06 19:42:50"
"244","53460","1.9","2015-01-07 07:39:04"
"244","53461","1.9","2015-01-07 07:39:10"
"244","53462","6.8","2015-01-07 07:39:13"
"244","53463","14.9","2015-01-07 07:39:16"
"244","53464","22.4","2015-01-07 07:39:19"
"244","53465","27.3","2015-01-07 07:39:22"
"244","53466","31.7","2015-01-07 07:39:25"
"244","53467","34.2","2015-01-07 07:39:28"
"244","53468","37.3","2015-01-07 07:39:31"
"244","53469","38.5","2015-01-07 07:39:34"
"244","53470","38.5","2015-01-07 07:39:37"
"244","53471","39.8","2015-01-07 07:39:40"
"244","53472","42.9","2015-01-07 07:39:43"
"244","53473","42.9","2015-01-07 07:39:46"
"244","53474","41","2015-01-07 07:39:49"
"244","53475","39.8","2015-01-07 07:39:52"
"244","53476","37.3","2015-01-07 07:39:55"
"244","53477","34.2","2015-01-07 07:39:58"
"244","53478","36","2015-01-07 07:40:01"
"244","53479","37.3","2015-01-07 07:40:04"
"244","53480","38.5","2015-01-07 07:40:07"
"244","53481","40.4","2015-01-07 07:40:10"
"244","53482","42.3","2015-01-07 07:40:13"
"244","53483","42.9","2015-01-07 07:40:16"
"244","53484","40.4","2015-01-07 07:40:19"
"244","53485","35.4","2015-01-07 07:40:22"
"244","53486","22.4","2015-01-07 07:40:25"
"244","53487","6.2","2015-01-07 07:40:28"
"244","53488","1.9","2015-01-07 07:40:42"
"244","53489","1.9","2015-01-07 07:40:57"
"244","53490","6.8","2015-01-07 07:41:00"
"244","53491","14.9","2015-01-07 07:41:03"
"244","53492","19.9","2015-01-07 07:41:06"
"244","53493","24.2","2015-01-07 07:41:09"
"244","53494","28","2015-01-07 07:41:12"
"244","53495","31.7","2015-01-07 07:41:15"
"244","53496","34.8","2015-01-07 07:41:18"
"244","53497","36.7","2015-01-07 07:41:21"
"244","53498","36.7","2015-01-07 07:41:24"
"244","53499","34.2","2015-01-07 07:41:27"
"244","53500","31.1","2015-01-07 07:41:30"
"244","53501","21.7","2015-01-07 07:41:33"
"244","53502","8.7","2015-01-07 07:41:36"
"244","53503","1.2","2015-01-07 07:42:11"
"244","53504","6.2","2015-01-07 07:42:14"
"244","53505","14.3","2015-01-07 07:42:17"
"244","53506","19.9","2015-01-07 07:42:20"
"244","53507","24.2","2015-01-07 07:42:23"
"244","53508","28.6","2015-01-07 07:42:26"
"244","53509","31.1","2015-01-07 07:42:29"
"244","53510","29.8","2015-01-07 07:42:32"
"244","53511","23","2015-01-07 07:42:35"
"244","53512","12.4","2015-01-07 07:42:38"
"244","53513","1.2","2015-01-07 07:43:04"
"244","53514","6.2","2015-01-07 07:43:07"
"244","53515","13.7","2015-01-07 07:43:10"
"244","53516","19.9","2015-01-07 07:43:13"
"244","53517","23.6","2015-01-07 07:43:16"
"244","53518","29.2","2015-01-07 07:43:19"
"244","53519","29.2","2015-01-07 07:43:22"
"244","53520","28","2015-01-07 07:43:25"
"244","53521","24.9","2015-01-07 07:43:28"
"244","53522","23","2015-01-07 07:43:31"
"244","53523","21.7","2015-01-07 07:43:34"
"244","53524","24.9","2015-01-07 07:43:37"
"244","53525","22.4","2015-01-07 07:43:40"
"244","53526","14.3","2015-01-07 07:43:43"
"262","55483","8.7","2015-01-07 12:11:53"
"262","55484","18","2015-01-07 12:11:56"
"262","55485","23.6","2015-01-07 12:11:59"
"262","55486","28","2015-01-07 12:12:02"
"262","55487","30.4","2015-01-07 12:12:05"
"262","55488","32.3","2015-01-07 12:12:08"
"262","55489","33.6","2015-01-07 12:12:11"
"262","55490","33.6","2015-01-07 12:12:14"
"262","55491","35.4","2015-01-07 12:12:17"
"262","55492","36","2015-01-07 12:12:20"
"262","55493","36.7","2015-01-07 12:12:23"
"262","55494","37.3","2015-01-07 12:12:26"
"262","55495","36.7","2015-01-07 12:12:29"
"262","55496","34.2","2015-01-07 12:12:32"
"262","55497","29.2","2015-01-07 12:12:35"
"262","55498","23","2015-01-07 12:12:38"
"262","55499","14.3","2015-01-07 12:12:41"
"262","55500","3.1","2015-01-07 12:12:44"
"262","55501","8.7","2015-01-07 12:13:03"
"262","55502","16.2","2015-01-07 12:13:06"
"262","55503","21.7","2015-01-07 12:13:09"
"262","55504","25.5","2015-01-07 12:13:12"
"262","55505","27.3","2015-01-07 12:13:15"
"262","55506","25.5","2015-01-07 12:13:18"
"262","55507","21.1","2015-01-07 12:13:21"
"262","55508","17.4","2015-01-07 12:13:24"
"262","55509","13.7","2015-01-07 12:13:27"
"262","55510","9.9","2015-01-07 12:13:30"
"262","55511","6.8","2015-01-07 12:13:33"
"262","55512","4.3","2015-01-07 12:13:36"
"262","55513","4.3","2015-01-07 12:14:06"
"262","55514","11.2","2015-01-07 12:14:09"
"262","55515","17.4","2015-01-07 12:14:12"
"262","55516","23.6","2015-01-07 12:14:15"
"262","55517","24.9","2015-01-07 12:14:18"
"262","55518","18.6","2015-01-07 12:14:21"
"262","55519","9.3","2015-01-07 12:14:24"
"264","55578","1.9","2015-01-07 12:43:10"
"264","55579","1.2","2015-01-07 12:43:13"
"264","55580","1.2","2015-01-07 12:43:43"
"264","55581","8.7","2015-01-07 12:43:46"
"264","55582","17.4","2015-01-07 12:43:49"
"264","55583","23","2015-01-07 12:43:52"
"264","55584","28","2015-01-07 12:43:55"
"264","55585","32.3","2015-01-07 12:43:58"
"264","55586","35.4","2015-01-07 12:44:01"
"264","55587","38.5","2015-01-07 12:44:04"
"264","55588","39.8","2015-01-07 12:44:07"
"264","55589","39.8","2015-01-07 12:44:10"
"264","55590","39.1","2015-01-07 12:44:13"
"264","55591","36.7","2015-01-07 12:44:16"
"264","55592","36","2015-01-07 12:44:19"
"264","55593","32.9","2015-01-07 12:44:22"
"264","55594","25.5","2015-01-07 12:44:25"
"264","55595","19.3","2015-01-07 12:44:28"
"264","55596","16.2","2015-01-07 12:44:31"
"264","55597","9.3","2015-01-07 12:44:34"
"264","55598","4.3","2015-01-07 12:44:37"
"264","55599","1.2","2015-01-07 12:44:40"
"264","55600","3.1","2015-01-07 12:45:20"
"264","55601","13.7","2015-01-07 12:45:23"
"264","55602","20.5","2015-01-07 12:45:26"
"264","55603","26.1","2015-01-07 12:45:29"
"264","55604","30.4","2015-01-07 12:45:32"
"264","55605","34.2","2015-01-07 12:45:35"
"264","55606","37.3","2015-01-07 12:45:38"
"264","55607","39.1","2015-01-07 12:45:41"
"264","55608","31.7","2015-01-07 12:45:44"
"264","55609","15.5","2015-01-07 12:45:47"
"264","55610","1.9","2015-01-07 12:46:05"
"264","55611","11.8","2015-01-07 12:46:08"
"264","55612","19.9","2015-01-07 12:46:11"
"264","55613","24.9","2015-01-07 12:46:14"
"264","55614","29.8","2015-01-07 12:46:17"
"264","55615","30.4","2015-01-07 12:46:20"
"264","55616","23.6","2015-01-07 12:46:23"
"264","55617","11.2","2015-01-07 12:46:26"
"264","55618","1.2","2015-01-07 12:47:39"
"264","55619","8.7","2015-01-07 12:47:42"
"264","55620","16.8","2015-01-07 12:47:45"
"264","55621","23","2015-01-07 12:47:48"
"264","55622","23","2015-01-07 12:47:51"
"264","55623","16.2","2015-01-07 12:47:54"
"264","55624","14.3","2015-01-07 12:47:57"
"264","55625","13.7","2015-01-07 12:48:00"
"264","55626","8.1","2015-01-07 12:48:03"
"264","55627","3.7","2015-01-07 12:48:06"
"264","55628","2.5","2015-01-07 12:48:34"
"264","55629","10.6","2015-01-07 12:48:37"
"264","55630","17.4","2015-01-07 12:48:40"
"264","55631","24.2","2015-01-07 12:48:43"
"264","55632","29.2","2015-01-07 12:48:46"
"264","55633","31.7","2015-01-07 12:48:49"
"264","55634","33.6","2015-01-07 12:48:52"
"264","55635","36.7","2015-01-07 12:48:55"
"264","55636","39.8","2015-01-07 12:48:58"
"264","55637","41","2015-01-07 12:49:01"
"264","55638","41.6","2015-01-07 12:49:04"
"264","55639","41","2015-01-07 12:49:07"
"264","55640","42.3","2015-01-07 12:49:10"
"264","55641","42.9","2015-01-07 12:49:13"
"264","55642","42.3","2015-01-07 12:49:16"
"264","55643","42.3","2015-01-07 12:49:19"
"264","55644","41","2015-01-07 12:49:22"
"264","55645","41.6","2015-01-07 12:49:25"
"264","55646","41.6","2015-01-07 12:49:28"
"264","55647","37.3","2015-01-07 12:49:31"
"264","55648","26.1","2015-01-07 12:49:34"
"264","55649","8.7","2015-01-07 12:49:37"
