sampno,perno,gpstripid,gpstravdayid,localid,time_local,gpsspeed
3232014,1,1,1,1,2014-12-19 06:40:35,3.2
3232014,1,1,1,2,2014-12-19 06:40:38,13.0
3232014,1,1,1,3,2014-12-19 06:40:41,22.4
3232014,1,1,1,4,2014-12-19 06:40:44,31.7
3232014,1,1,1,5,2014-12-19 06:40:47,32.9
3232014,1,1,1,6,2014-12-19 06:40:50,29.2
3232014,1,1,1,7,2014-12-19 06:40:53,19.3
3232014,1,1,1,8,2014-12-19 06:40:56,7.5
3232014,1,1,1,9,2014-12-19 06:41:04,1.9
3232014,1,1,1,10,2014-12-19 06:41:07,9.9
3232014,1,1,1,11,2014-12-19 06:41:10,16.2
3232014,1,1,1,12,2014-12-19 06:41:13,16.8
3232014,1,1,1,13,2014-12-19 06:41:16,21.1
3232014,1,1,1,14,2014-12-19 06:41:19,28.0
3232014,1,1,1,15,2014-12-19 06:41:22,29.8
3232014,1,1,1,16,2014-12-19 06:41:25,33.6
3232014,1,1,1,17,2014-12-19 06:41:28,34.8
3232014,1,1,1,18,2014-12-19 06:41:31,32.9
3232014,1,1,1,19,2014-12-19 06:41:34,29.2
3232014,1,1,1,20,2014-12-19 06:41:37,26.1
3232014,1,1,1,21,2014-12-19 06:41:40,16.2
3232014,1,1,1,22,2014-12-19 06:41:50,2.5
3232014,1,1,1,23,2014-12-19 06:41:53,2.5
3232014,1,1,1,24,2014-12-19 06:42:29,1.2
3232014,1,1,1,25,2014-12-19 06:42:32,9.9
3232014,1,1,1,26,2014-12-19 06:42:35,17.4
3232014,1,1,1,27,2014-12-19 06:42:38,19.3
3232014,1,1,1,28,2014-12-19 06:42:41,19.3
3232014,1,1,1,29,2014-12-19 06:42:44,21.7
3232014,1,1,1,30,2014-12-19 06:42:47,24.9
3232014,1,1,1,31,2014-12-19 06:42:50,21.7
3232014,1,1,1,32,2014-12-19 06:42:53,14.3
3232014,1,1,1,33,2014-12-19 06:42:56,13.0
3232014,1,1,1,34,2014-12-19 06:42:59,11.2
3232014,1,1,1,35,2014-12-19 06:43:02,8.7
3232014,1,1,1,36,2014-12-19 06:43:05,4.3
3232014,1,1,1,37,2014-12-19 06:43:08,9.9
3232014,1,1,1,38,2014-12-19 06:43:11,17.4
3232014,1,1,1,39,2014-12-19 06:43:14,23.0
3232014,1,1,1,40,2014-12-19 06:43:17,28.0
3232014,1,1,1,41,2014-12-19 06:43:20,31.7
3232014,1,1,1,42,2014-12-19 06:43:23,28.6
3232014,1,1,1,43,2014-12-19 06:43:26,20.5
3232014,1,1,1,44,2014-12-19 06:43:29,19.3
3232014,1,1,1,45,2014-12-19 06:43:32,16.8
3232014,1,1,1,46,2014-12-19 06:43:35,13.0
3232014,1,1,1,47,2014-12-19 06:43:38,16.2
3232014,1,1,1,48,2014-12-19 06:43:41,21.1
3232014,1,1,1,49,2014-12-19 06:43:44,23.0
3232014,1,1,1,50,2014-12-19 06:43:47,24.2
3232014,1,1,1,51,2014-12-19 06:43:50,24.2
3232014,1,1,1,52,2014-12-19 06:43:53,25.5
3232014,1,1,1,53,2014-12-19 06:43:56,26.1
3232014,1,1,1,54,2014-12-19 06:43:59,27.3
3232014,1,1,1,55,2014-12-19 06:44:02,29.2
3232014,1,1,1,56,2014-12-19 06:44:05,29.8
3232014,1,1,1,57,2014-12-19 06:44:08,28.6
3232014,1,1,1,58,2014-12-19 06:44:11,28.6
3232014,1,1,1,59,2014-12-19 06:44:14,34.2
3232014,1,1,1,60,2014-12-19 06:44:17,37.3
3232014,1,1,1,61,2014-12-19 06:44:20,47.8
3232014,1,1,1,62,2014-12-19 06:44:23,52.8
3232014,1,1,1,63,2014-12-19 06:44:26,53.4
3232014,1,1,1,64,2014-12-19 06:44:29,55.3
3232014,1,1,1,65,2014-12-19 06:44:32,55.9
3232014,1,1,1,66,2014-12-19 06:44:35,57.2
3232014,1,1,1,67,2014-12-19 06:44:38,58.4
3232014,1,1,1,68,2014-12-19 06:44:41,58.4
3232014,1,1,1,69,2014-12-19 06:44:44,54.1
3232014,1,1,1,70,2014-12-19 06:44:47,52.2
3232014,1,1,1,71,2014-12-19 06:44:50,49.1
3232014,1,1,1,72,2014-12-19 06:44:53,48.5
3232014,1,1,1,73,2014-12-19 06:44:56,49.7
3232014,1,1,1,74,2014-12-19 06:44:59,51.0
3232014,1,1,1,75,2014-12-19 06:45:02,52.2
3232014,1,1,1,76,2014-12-19 06:45:05,49.7
3232014,1,1,1,77,2014-12-19 06:45:08,45.4
3232014,1,1,1,78,2014-12-19 06:45:11,42.9
3232014,1,1,1,79,2014-12-19 06:45:14,43.5
3232014,1,1,1,80,2014-12-19 06:45:17,44.1
3232014,1,1,1,81,2014-12-19 06:45:20,46.6
3232014,1,1,1,82,2014-12-19 06:45:23,49.1
3232014,1,1,1,83,2014-12-19 06:45:26,50.3
3232014,1,1,1,84,2014-12-19 06:45:29,49.7
3232014,1,1,1,85,2014-12-19 06:45:32,50.3
3232014,1,1,1,86,2014-12-19 06:45:35,52.2
3232014,1,1,1,87,2014-12-19 06:45:38,51.6
3232014,1,1,1,88,2014-12-19 06:45:41,51.0
3232014,1,1,1,89,2014-12-19 06:45:44,52.2
3232014,1,1,1,90,2014-12-19 06:45:47,51.6
3232014,1,1,1,91,2014-12-19 06:45:50,52.8
3232014,1,1,1,92,2014-12-19 06:45:53,52.8
3232014,1,1,1,93,2014-12-19 06:45:56,54.7
3232014,1,1,1,94,2014-12-19 06:45:59,54.7
3232014,1,1,1,95,2014-12-19 06:46:02,54.7
3232014,1,1,1,96,2014-12-19 06:46:05,54.7
3232014,1,1,1,97,2014-12-19 06:46:08,55.9
3232014,1,1,1,98,2014-12-19 06:46:11,56.5
3232014,1,1,1,99,2014-12-19 06:46:14,59.0
3232014,1,1,1,100,2014-12-19 06:46:17,60.9
3232014,1,1,1,101,2014-12-19 06:46:20,61.5
3232014,1,1,1,102,2014-12-19 06:46:23,60.9
3232014,1,1,1,103,2014-12-19 06:46:26,61.5
3232014,1,1,1,104,2014-12-19 06:46:29,62.1
3232014,1,1,1,105,2014-12-19 06:46:32,62.8
3232014,1,1,1,106,2014-12-19 06:46:35,63.4
3232014,1,1,1,107,2014-12-19 06:46:38,64.6
3232014,1,1,1,108,2014-12-19 06:46:41,65.2
3232014,1,1,1,109,2014-12-19 06:46:44,65.2
3232014,1,1,1,110,2014-12-19 06:46:47,65.2
3232014,1,1,1,111,2014-12-19 06:46:50,65.2
3232014,1,1,1,112,2014-12-19 06:46:53,65.2
3232014,1,1,1,113,2014-12-19 06:46:56,64.0
3232014,1,1,1,114,2014-12-19 06:46:59,64.6
3232014,1,1,1,115,2014-12-19 06:47:02,62.1
3232014,1,1,1,116,2014-12-19 06:47:05,60.3
3232014,1,1,1,117,2014-12-19 06:47:08,61.5
3232014,1,1,1,118,2014-12-19 06:47:11,62.1
3232014,1,1,1,119,2014-12-19 06:47:14,62.1
3232014,1,1,1,120,2014-12-19 06:47:17,62.8
3232014,1,1,1,121,2014-12-19 06:47:20,63.4
3232014,1,1,1,122,2014-12-19 06:47:23,64.6
3232014,1,1,1,123,2014-12-19 06:47:26,65.2
3232014,1,1,1,124,2014-12-19 06:47:29,64.6
3232014,1,1,1,125,2014-12-19 06:47:32,63.4
3232014,1,1,1,126,2014-12-19 06:47:35,62.8
3232014,1,1,1,127,2014-12-19 06:47:38,62.8
3232014,1,1,1,128,2014-12-19 06:47:41,61.5
3232014,1,1,1,129,2014-12-19 06:47:44,62.1
3232014,1,1,1,130,2014-12-19 06:47:47,62.1
3232014,1,1,1,131,2014-12-19 06:47:50,60.3
3232014,1,1,1,132,2014-12-19 06:47:53,58.4
3232014,1,1,1,133,2014-12-19 06:47:56,56.5
3232014,1,1,1,134,2014-12-19 06:47:59,56.5
3232014,1,1,1,135,2014-12-19 06:48:02,56.5
3232014,1,1,1,136,2014-12-19 06:48:05,53.4
3232014,1,1,1,137,2014-12-19 06:48:08,51.6
3232014,1,1,1,138,2014-12-19 06:48:11,50.3
3232014,1,1,1,139,2014-12-19 06:48:14,49.7
3232014,1,1,1,140,2014-12-19 06:48:17,48.5
3232014,1,1,1,141,2014-12-19 06:48:20,47.2
3232014,1,1,1,142,2014-12-19 06:48:23,50.3
3232014,1,1,1,143,2014-12-19 06:48:26,51.6
3232014,1,1,1,144,2014-12-19 06:48:29,51.0
3232014,1,1,1,145,2014-12-19 06:48:29,46.7
3232014,1,1,1,146,2014-12-19 06:48:32,36.0
3232014,1,1,1,147,2014-12-19 06:48:35,22.4
3232014,1,1,1,148,2014-12-19 06:48:38,7.5
3232014,1,1,1,149,2014-12-19 06:49:02,1.9
3232014,1,1,1,150,2014-12-19 06:49:05,15.5
3232014,1,1,1,151,2014-12-19 06:49:08,28.0
3232014,1,1,1,152,2014-12-19 06:49:11,37.3
3232014,1,1,1,153,2014-12-19 06:49:14,41.0
3232014,1,1,1,154,2014-12-19 06:49:17,41.6
3232014,1,1,1,155,2014-12-19 06:49:20,39.8
3232014,1,1,1,156,2014-12-19 06:49:23,36.7
3232014,1,1,1,157,2014-12-19 06:49:26,30.4
3232014,1,1,1,158,2014-12-19 06:49:29,21.7
3232014,1,1,1,159,2014-12-19 06:49:32,10.6
3232014,1,1,1,160,2014-12-19 06:50:20,1.9
3232014,1,1,1,161,2014-12-19 06:50:23,12.4
3232014,1,1,1,162,2014-12-19 06:50:26,23.0
3232014,1,1,1,163,2014-12-19 06:50:29,31.1
3232014,1,1,1,164,2014-12-19 06:50:32,37.3
3232014,1,1,1,165,2014-12-19 06:50:35,41.6
3232014,1,1,1,166,2014-12-19 06:50:38,45.4
3232014,1,1,1,167,2014-12-19 06:50:41,47.2
3232014,1,1,1,168,2014-12-19 06:50:44,48.5
3232014,1,1,1,169,2014-12-19 06:50:47,48.5
3232014,1,1,1,170,2014-12-19 06:50:50,48.5
3232014,1,1,1,171,2014-12-19 06:50:53,49.1
3232014,1,1,1,172,2014-12-19 06:50:56,49.1
3232014,1,1,1,173,2014-12-19 06:50:59,49.1
3232014,1,1,1,174,2014-12-19 06:51:02,47.8
3232014,1,1,1,175,2014-12-19 06:51:05,47.2
3232014,1,1,1,176,2014-12-19 06:51:08,46.0
3232014,1,1,1,177,2014-12-19 06:51:11,44.7
3232014,1,1,1,178,2014-12-19 06:51:14,41.0
3232014,1,1,1,179,2014-12-19 06:51:17,34.8
3232014,1,1,1,180,2014-12-19 06:51:20,25.5
3232014,1,1,1,181,2014-12-19 06:51:23,13.7
3232014,1,1,1,182,2014-12-19 06:51:26,3.1
3232014,1,1,1,183,2014-12-19 06:51:58,3.1
3232014,1,1,1,184,2014-12-19 06:52:01,15.5
3232014,1,1,1,185,2014-12-19 06:52:04,23.6
3232014,1,1,1,186,2014-12-19 06:52:07,33.6
3232014,1,1,1,187,2014-12-19 06:52:10,39.8
3232014,1,1,1,188,2014-12-19 06:52:13,41.0
3232014,1,1,1,189,2014-12-19 06:52:16,43.5
3232014,1,1,1,190,2014-12-19 06:52:19,44.1
3232014,1,1,1,191,2014-12-19 06:52:22,42.9
3232014,1,1,1,192,2014-12-19 06:52:25,41.0
3232014,1,1,1,193,2014-12-19 06:52:28,41.0
3232014,1,1,1,194,2014-12-19 06:52:31,39.1
3232014,1,1,1,195,2014-12-19 06:52:34,33.6
3232014,1,1,1,196,2014-12-19 06:52:37,23.6
3232014,1,1,1,197,2014-12-19 06:52:40,13.0
3232014,1,1,1,198,2014-12-19 06:52:43,1.9
3232014,1,1,1,199,2014-12-19 06:52:59,1.2
3232014,1,1,1,200,2014-12-19 06:53:02,13.7
3232014,1,1,1,201,2014-12-19 06:53:05,26.1
3232014,1,1,1,202,2014-12-19 06:53:08,33.6
3232014,1,1,1,203,2014-12-19 06:53:11,37.9
3232014,1,1,1,204,2014-12-19 06:53:14,41.0
3232014,1,1,1,205,2014-12-19 06:53:17,42.9
3232014,1,1,1,206,2014-12-19 06:53:20,44.7
3232014,1,1,1,207,2014-12-19 06:53:23,46.6
3232014,1,1,1,208,2014-12-19 06:53:26,47.2
3232014,1,1,1,209,2014-12-19 06:53:29,47.2
3232014,1,1,1,210,2014-12-19 06:53:32,47.8
3232014,1,1,1,211,2014-12-19 06:53:35,48.5
3232014,1,1,1,212,2014-12-19 06:53:38,47.2
3232014,1,1,1,213,2014-12-19 06:53:41,47.8
3232014,1,1,1,214,2014-12-19 06:53:44,47.8
3232014,1,1,1,215,2014-12-19 06:53:47,46.6
3232014,1,1,1,216,2014-12-19 06:53:50,44.7
3232014,1,1,1,217,2014-12-19 06:53:53,44.1
3232014,1,1,1,218,2014-12-19 06:53:56,44.1
3232014,1,1,1,219,2014-12-19 06:53:59,42.9
3232014,1,1,1,220,2014-12-19 06:54:02,36.7
3232014,1,1,1,221,2014-12-19 06:54:05,24.9
3232014,1,1,1,222,2014-12-19 06:54:08,13.0
3232014,1,1,1,223,2014-12-19 06:54:11,20.5
3232014,1,1,1,224,2014-12-19 06:54:14,29.2
3232014,1,1,1,225,2014-12-19 06:54:17,33.6
3232014,1,1,1,226,2014-12-19 06:54:20,35.4
3232014,1,1,1,227,2014-12-19 06:54:23,35.4
3232014,1,1,1,228,2014-12-19 06:54:26,34.2
3232014,1,1,1,229,2014-12-19 06:54:29,32.9
3232014,1,1,1,230,2014-12-19 06:54:32,32.3
3232014,1,1,1,231,2014-12-19 06:54:35,32.3
3232014,1,1,1,232,2014-12-19 06:54:38,32.9
3232014,1,1,1,233,2014-12-19 06:54:41,31.7
3232014,1,1,1,234,2014-12-19 06:54:44,28.0
3232014,1,1,1,235,2014-12-19 06:54:47,21.1
3232014,1,1,1,236,2014-12-19 06:54:50,10.6
3232014,1,1,1,237,2014-12-19 06:54:53,1.2
3232014,1,1,1,238,2014-12-19 06:54:56,6.8
3232014,1,1,1,239,2014-12-19 06:54:59,14.9
3232014,1,1,1,240,2014-12-19 06:55:02,15.5
3232014,1,1,1,241,2014-12-19 06:55:05,11.2
3232014,1,1,1,242,2014-12-19 06:55:08,6.2
3232014,1,1,1,243,2014-12-19 06:55:11,7.5
3232014,1,1,1,244,2014-12-19 06:55:14,7.5
3232014,1,1,1,245,2014-12-19 06:55:17,4.3
3232014,1,1,1,246,2014-12-19 06:55:41,1.2
3232014,1,1,1,247,2014-12-19 06:55:44,1.9
3232014,1,1,1,248,2014-12-19 06:55:59,1.2
3232014,1,1,1,249,2014-12-19 06:56:14,1.2
3232014,1,1,1,250,2014-12-19 06:56:56,1.2
3232014,1,1,1,251,2014-12-19 06:56:59,1.9
3232014,1,1,1,252,2014-12-19 06:57:02,1.9
3232014,1,1,1,253,2014-12-19 06:57:05,1.9
3232014,1,1,1,254,2014-12-19 06:57:08,1.9
3232014,1,1,1,255,2014-12-19 06:57:11,2.5
3232014,1,1,1,256,2014-12-19 06:57:14,1.9
3232014,1,1,1,257,2014-12-19 06:57:17,1.9
3232014,1,2,1,263,2014-12-19 15:12:30,41.3
3232014,1,2,1,264,2014-12-19 15:12:33,41.0
3232014,1,2,1,265,2014-12-19 15:12:36,41.6
3232014,1,2,1,266,2014-12-19 15:12:39,42.3
3232014,1,2,1,267,2014-12-19 15:12:42,41.0
3232014,1,2,1,268,2014-12-19 15:12:45,37.3
3232014,1,2,1,269,2014-12-19 15:12:48,26.1
3232014,1,2,1,270,2014-12-19 15:12:51,13.7
3232014,1,2,1,271,2014-12-19 15:12:54,16.8
3232014,1,2,1,272,2014-12-19 15:12:57,26.1
3232014,1,2,1,273,2014-12-19 15:13:00,32.9
3232014,1,2,1,274,2014-12-19 15:13:03,37.9
3232014,1,2,1,275,2014-12-19 15:13:06,42.3
3232014,1,2,1,276,2014-12-19 15:13:09,44.7
3232014,1,2,1,277,2014-12-19 15:13:12,46.0
3232014,1,2,1,278,2014-12-19 15:13:15,46.0
3232014,1,2,1,279,2014-12-19 15:13:18,46.0
3232014,1,2,1,280,2014-12-19 15:13:21,46.0
3232014,1,2,1,281,2014-12-19 15:13:24,46.0
3232014,1,2,1,282,2014-12-19 15:13:27,45.4
3232014,1,2,1,283,2014-12-19 15:13:30,42.9
3232014,1,2,1,284,2014-12-19 15:13:33,42.3
3232014,1,2,1,285,2014-12-19 15:13:36,41.6
3232014,1,2,1,286,2014-12-19 15:13:39,41.0
3232014,1,2,1,287,2014-12-19 15:13:42,41.0
3232014,1,2,1,288,2014-12-19 15:13:45,40.4
3232014,1,2,1,289,2014-12-19 15:13:48,38.5
3232014,1,2,1,290,2014-12-19 15:13:51,37.9
3232014,1,2,1,291,2014-12-19 15:13:54,35.4
3232014,1,2,1,292,2014-12-19 15:13:57,32.3
3232014,1,2,1,293,2014-12-19 15:14:00,27.3
3232014,1,2,1,294,2014-12-19 15:14:03,29.2
3232014,1,2,1,295,2014-12-19 15:14:06,31.1
3232014,1,2,1,296,2014-12-19 15:14:09,32.9
3232014,1,2,1,297,2014-12-19 15:14:12,33.6
3232014,1,2,1,298,2014-12-19 15:14:15,32.9
3232014,1,2,1,299,2014-12-19 15:14:18,28.0
3232014,1,2,1,300,2014-12-19 15:14:21,16.8
3232014,1,2,1,301,2014-12-19 15:14:24,6.8
3232014,1,2,1,302,2014-12-19 15:14:36,1.9
3232014,1,2,1,303,2014-12-19 15:14:39,5.6
3232014,1,2,1,304,2014-12-19 15:14:42,4.3
3232014,1,2,1,305,2014-12-19 15:14:45,11.8
3232014,1,2,1,306,2014-12-19 15:14:48,14.9
3232014,1,2,1,307,2014-12-19 15:14:51,13.0
3232014,1,2,1,308,2014-12-19 15:14:54,9.9
3232014,1,2,1,309,2014-12-19 15:14:57,3.1
3232014,1,2,1,310,2014-12-19 15:15:00,5.6
3232014,1,2,1,311,2014-12-19 15:15:03,7.5
3232014,1,2,1,312,2014-12-19 15:15:06,6.2
3232014,1,2,1,313,2014-12-19 15:15:09,6.2
3232014,1,2,1,314,2014-12-19 15:15:12,6.2
3232014,1,2,1,315,2014-12-19 15:15:15,7.5
3232014,1,2,1,316,2014-12-19 15:15:18,4.3
3232014,1,2,1,317,2014-12-19 15:20:03,1.9
3232014,1,2,1,318,2014-12-19 15:20:08,1.9
3232014,1,2,1,319,2014-12-19 15:20:11,2.5
3232014,1,2,1,320,2014-12-19 15:20:14,2.5
3232014,1,2,1,321,2014-12-19 15:20:17,2.5
3232014,1,2,1,322,2014-12-19 15:20:20,4.3
3232014,1,2,1,323,2014-12-19 15:20:23,3.7
3232014,1,2,1,324,2014-12-19 15:20:26,3.7
3232014,1,2,1,325,2014-12-19 15:20:29,4.3
3232014,1,2,1,326,2014-12-19 15:20:34,1.2
3232014,1,2,1,327,2014-12-19 15:20:37,1.2
3232014,1,3,1,328,2014-12-19 15:21:42,1.2
3232014,1,3,1,329,2014-12-19 15:21:45,1.9
3232014,1,3,1,330,2014-12-19 15:21:48,1.2
3232014,1,3,1,331,2014-12-19 15:21:54,1.9
3232014,1,3,1,332,2014-12-19 15:21:57,1.9
3232014,1,3,1,333,2014-12-19 15:22:00,2.5
3232014,1,3,1,334,2014-12-19 15:22:03,2.5
3232014,1,3,1,335,2014-12-19 15:22:06,1.9
3232014,1,3,1,336,2014-12-19 15:22:09,1.9
3232014,1,3,1,337,2014-12-19 15:22:12,1.9
3232014,1,3,1,338,2014-12-19 15:22:15,1.9
3232014,1,3,1,339,2014-12-19 15:23:14,1.2
3232014,1,3,1,340,2014-12-19 15:23:20,2.5
3232014,1,3,1,341,2014-12-19 15:23:23,5.0
3232014,1,3,1,342,2014-12-19 15:23:26,5.0
3232014,1,3,1,343,2014-12-19 15:23:29,1.9
3232014,1,3,1,344,2014-12-19 15:23:32,7.5
3232014,1,3,1,345,2014-12-19 15:23:35,18.6
3232014,1,3,1,346,2014-12-19 15:23:38,24.2
3232014,1,3,1,347,2014-12-19 15:23:41,24.2
3232014,1,3,1,348,2014-12-19 15:23:44,27.3
3232014,1,3,1,349,2014-12-19 15:23:47,28.6
3232014,1,3,1,350,2014-12-19 15:23:50,27.3
3232014,1,3,1,351,2014-12-19 15:23:53,23.6
3232014,1,3,1,352,2014-12-19 15:23:56,21.1
3232014,1,3,1,353,2014-12-19 15:23:59,20.5
3232014,1,3,1,354,2014-12-19 15:24:02,14.3
3232014,1,3,1,355,2014-12-19 15:24:05,8.7
3232014,1,3,1,356,2014-12-19 15:24:08,7.5
3232014,1,3,1,357,2014-12-19 15:24:11,1.2
3232014,1,3,1,358,2014-12-19 15:24:30,3.1
3232014,1,3,1,359,2014-12-19 15:24:33,14.3
3232014,1,3,1,360,2014-12-19 15:24:36,16.8
3232014,1,3,1,361,2014-12-19 15:24:39,21.7
3232014,1,3,1,362,2014-12-19 15:24:42,31.1
3232014,1,3,1,363,2014-12-19 15:24:45,37.9
3232014,1,3,1,364,2014-12-19 15:24:48,44.1
3232014,1,3,1,365,2014-12-19 15:24:51,49.1
3232014,1,3,1,366,2014-12-19 15:24:54,52.8
3232014,1,3,1,367,2014-12-19 15:24:57,55.3
3232014,1,3,1,368,2014-12-19 15:25:00,56.5
3232014,1,3,1,369,2014-12-19 15:25:03,59.7
3232014,1,3,1,370,2014-12-19 15:25:06,62.1
3232014,1,3,1,371,2014-12-19 15:25:09,64.6
3232014,1,3,1,372,2014-12-19 15:25:12,65.9
3232014,1,3,1,373,2014-12-19 15:25:15,65.9
3232014,1,3,1,374,2014-12-19 15:25:18,67.1
3232014,1,3,1,375,2014-12-19 15:25:21,68.4
3232014,1,3,1,376,2014-12-19 15:25:24,69.0
3232014,1,3,1,377,2014-12-19 15:25:27,70.2
3232014,1,3,1,378,2014-12-19 15:25:30,70.2
3232014,1,3,1,379,2014-12-19 15:25:33,69.0
3232014,1,3,1,380,2014-12-19 15:25:36,68.4
3232014,1,3,1,381,2014-12-19 15:25:39,68.4
3232014,1,3,1,382,2014-12-19 15:25:42,67.7
3232014,1,3,1,383,2014-12-19 15:25:45,68.4
3232014,1,3,1,384,2014-12-19 15:25:48,65.9
3232014,1,3,1,385,2014-12-19 15:25:51,63.4
3232014,1,3,1,386,2014-12-19 15:25:54,60.3
3232014,1,3,1,387,2014-12-19 15:25:57,57.2
3232014,1,3,1,388,2014-12-19 15:26:00,54.7
3232014,1,3,1,389,2014-12-19 15:26:03,52.8
3232014,1,3,1,390,2014-12-19 15:26:06,49.7
3232014,1,3,1,391,2014-12-19 15:26:09,46.6
3232014,1,3,1,392,2014-12-19 15:26:12,42.9
3232014,1,3,1,393,2014-12-19 15:26:15,39.1
3232014,1,3,1,394,2014-12-19 15:26:18,32.9
3232014,1,3,1,395,2014-12-19 15:26:21,24.9
3232014,1,3,1,396,2014-12-19 15:26:24,20.5
3232014,1,3,1,397,2014-12-19 15:26:27,22.4
3232014,1,3,1,398,2014-12-19 15:26:30,22.4
3232014,1,3,1,399,2014-12-19 15:26:33,28.0
3232014,1,3,1,400,2014-12-19 15:26:36,29.3
3232014,1,3,1,401,2014-12-19 15:26:39,31.7
3232014,1,3,1,402,2014-12-19 15:26:42,36.0
3232014,1,3,1,403,2014-12-19 15:26:45,37.9
3232014,1,3,1,404,2014-12-19 15:26:48,38.5
3232014,1,3,1,405,2014-12-19 15:26:51,41.0
3232014,1,3,1,406,2014-12-19 15:26:54,42.9
3232014,1,3,1,407,2014-12-19 15:26:57,45.4
3232014,1,3,1,408,2014-12-19 15:27:00,48.5
3232014,1,3,1,409,2014-12-19 15:27:03,51.0
3232014,1,3,1,410,2014-12-19 15:27:06,52.8
3232014,1,3,1,411,2014-12-19 15:27:09,55.3
3232014,1,3,1,412,2014-12-19 15:27:12,57.2
3232014,1,3,1,413,2014-12-19 15:27:15,58.4
3232014,1,3,1,414,2014-12-19 15:27:18,60.9
3232014,1,3,1,415,2014-12-19 15:27:21,62.1
3232014,1,3,1,416,2014-12-19 15:27:24,61.5
3232014,1,3,1,417,2014-12-19 15:27:27,60.9
3232014,1,3,1,418,2014-12-19 15:27:30,59.0
3232014,1,3,1,419,2014-12-19 15:27:33,58.4
3232014,1,3,1,420,2014-12-19 15:27:36,57.2
3232014,1,3,1,421,2014-12-19 15:27:39,57.2
3232014,1,3,1,422,2014-12-19 15:27:42,58.4
3232014,1,3,1,423,2014-12-19 15:27:45,59.7
3232014,1,3,1,424,2014-12-19 15:27:48,60.9
3232014,1,3,1,425,2014-12-19 15:27:51,60.3
3232014,1,3,1,426,2014-12-19 15:27:54,60.9
3232014,1,3,1,427,2014-12-19 15:27:57,60.9
3232014,1,3,1,428,2014-12-19 15:28:00,60.9
3232014,1,3,1,429,2014-12-19 15:28:03,60.3
3232014,1,3,1,430,2014-12-19 15:28:06,59.7
3232014,1,3,1,431,2014-12-19 15:28:09,59.7
3232014,1,3,1,432,2014-12-19 15:28:12,60.3
3232014,1,3,1,433,2014-12-19 15:28:15,60.9
3232014,1,3,1,434,2014-12-19 15:28:18,60.3
3232014,1,3,1,435,2014-12-19 15:28:21,59.7
3232014,1,3,1,436,2014-12-19 15:28:24,59.7
3232014,1,3,1,437,2014-12-19 15:28:27,59.7
3232014,1,3,1,438,2014-12-19 15:28:30,59.7
3232014,1,3,1,439,2014-12-19 15:28:33,60.9
3232014,1,3,1,440,2014-12-19 15:28:36,60.9
3232014,1,3,1,441,2014-12-19 15:28:39,61.5
3232014,1,3,1,442,2014-12-19 15:28:42,62.1
3232014,1,3,1,443,2014-12-19 15:28:45,61.5
3232014,1,3,1,444,2014-12-19 15:28:48,61.5
3232014,1,3,1,445,2014-12-19 15:28:51,61.5
3232014,1,3,1,446,2014-12-19 15:28:54,62.1
3232014,1,3,1,447,2014-12-19 15:28:57,62.1
3232014,1,3,1,448,2014-12-19 15:29:00,62.1
3232014,1,3,1,449,2014-12-19 15:29:03,62.8
3232014,1,3,1,450,2014-12-19 15:29:06,62.8
3232014,1,3,1,451,2014-12-19 15:29:09,62.8
3232014,1,3,1,452,2014-12-19 15:29:12,62.1
3232014,1,3,1,453,2014-12-19 15:29:15,60.9
3232014,1,3,1,454,2014-12-19 15:29:18,59.7
3232014,1,3,1,455,2014-12-19 15:29:21,58.4
3232014,1,3,1,456,2014-12-19 15:29:24,57.2
3232014,1,3,1,457,2014-12-19 15:29:27,56.5
3232014,1,3,1,458,2014-12-19 15:29:30,54.7
3232014,1,3,1,459,2014-12-19 15:29:33,51.0
3232014,1,3,1,460,2014-12-19 15:29:36,46.6
3232014,1,3,1,461,2014-12-19 15:29:39,39.1
3232014,1,3,1,462,2014-12-19 15:29:42,30.4
3232014,1,3,1,463,2014-12-19 15:29:45,14.3
3232014,1,3,1,464,2014-12-19 15:30:13,1.2
3232014,1,3,1,465,2014-12-19 15:30:16,6.2
3232014,1,3,1,466,2014-12-19 15:30:19,8.1
3232014,1,3,1,467,2014-12-19 15:30:22,12.4
3232014,1,3,1,468,2014-12-19 15:30:25,17.4
3232014,1,3,1,469,2014-12-19 15:30:28,16.8
3232014,1,3,1,470,2014-12-19 15:30:31,19.3
3232014,1,3,1,471,2014-12-19 15:30:34,29.2
3232014,1,3,1,472,2014-12-19 15:30:37,32.9
3232014,1,3,1,473,2014-12-19 15:30:40,32.9
3232014,1,3,1,474,2014-12-19 15:30:43,30.4
3232014,1,3,1,475,2014-12-19 15:30:46,24.2
3232014,1,3,1,476,2014-12-19 15:30:49,16.8
3232014,1,3,1,477,2014-12-19 15:30:52,9.3
3232014,1,3,1,478,2014-12-19 15:30:55,10.6
3232014,1,3,1,479,2014-12-19 15:30:58,19.9
3232014,1,3,1,480,2014-12-19 15:31:01,28.6
3232014,1,3,1,481,2014-12-19 15:31:04,33.6
3232014,1,3,1,482,2014-12-19 15:31:07,34.8
3232014,1,3,1,483,2014-12-19 15:31:10,36.0
3232014,1,3,1,484,2014-12-19 15:31:13,36.0
3232014,1,3,1,485,2014-12-19 15:31:16,34.8
3232014,1,3,1,486,2014-12-19 15:31:19,33.6
3232014,1,3,1,487,2014-12-19 15:31:22,29.2
3232014,1,3,1,488,2014-12-19 15:31:25,17.4
3232014,1,3,1,489,2014-12-19 15:31:28,3.1
3232014,1,3,1,490,2014-12-19 15:31:31,7.5
3232014,1,3,1,491,2014-12-19 15:31:34,19.3
3232014,1,3,1,492,2014-12-19 15:31:37,27.3
3232014,1,3,1,493,2014-12-19 15:31:40,33.6
3232014,1,3,1,494,2014-12-19 15:31:43,36.0
3232014,1,3,1,495,2014-12-19 15:31:46,32.3
3232014,1,3,1,496,2014-12-19 15:31:49,21.1
3232014,1,3,1,497,2014-12-19 15:31:52,14.3
3232014,1,3,1,498,2014-12-19 15:31:55,21.1
3232014,1,3,1,499,2014-12-19 15:31:58,24.2
3232014,1,3,1,500,2014-12-19 15:32:01,21.7
3232014,1,3,1,501,2014-12-19 15:32:04,11.2
3232014,1,3,1,502,2014-12-19 15:32:07,11.2
3232014,1,3,1,503,2014-12-19 15:32:10,18.0
3232014,1,3,1,504,2014-12-19 15:32:13,21.1
3232014,1,3,1,505,2014-12-19 15:32:16,23.0
3232014,1,3,1,506,2014-12-19 15:32:19,18.6
3232014,1,3,1,507,2014-12-19 15:32:22,16.2
3232014,1,3,1,508,2014-12-19 15:32:25,16.2
3232014,1,3,1,509,2014-12-19 15:32:28,14.3
3232014,1,3,1,510,2014-12-19 15:32:31,8.1
3232014,1,3,1,511,2014-12-19 15:32:34,2.5
3232014,1,3,1,512,2014-12-19 15:32:37,11.2
3232014,1,3,1,513,2014-12-19 15:32:40,18.6
3232014,1,3,1,514,2014-12-19 15:32:43,21.7
3232014,1,3,1,515,2014-12-19 15:32:46,19.9
3232014,1,3,1,516,2014-12-19 15:32:49,9.3
3232014,1,3,1,517,2014-12-19 15:32:52,8.7
3232014,1,3,1,518,2014-12-19 15:32:55,15.5
3232014,1,3,1,519,2014-12-19 15:32:58,13.7
3232014,1,3,1,520,2014-12-19 15:33:01,5.0
3232014,1,3,1,521,2014-12-19 15:33:04,11.8
3232014,1,3,1,522,2014-12-19 15:33:07,16.2
3232014,1,3,1,523,2014-12-19 15:33:10,13.7
3232014,1,3,1,524,2014-12-19 15:33:13,11.2
3232014,1,3,1,525,2014-12-19 15:33:16,10.6
3232014,1,3,1,526,2014-12-19 15:33:19,3.7
3232014,1,3,1,527,2014-12-19 15:33:22,3.1
3232014,1,4,2,4056,2014-12-20 12:30:52,1.9
3232014,1,4,2,4057,2014-12-20 12:30:55,1.9
3232014,1,4,2,4058,2014-12-20 12:30:58,2.5
3232014,1,4,2,4059,2014-12-20 12:31:01,1.2
3232014,1,4,2,4060,2014-12-20 12:31:04,1.2
3232014,1,4,2,4061,2014-12-20 12:31:07,8.1
3232014,1,4,2,4062,2014-12-20 12:31:10,11.2
3232014,1,4,2,4063,2014-12-20 12:31:13,11.2
3232014,1,4,2,4064,2014-12-20 12:31:16,11.2
3232014,1,4,2,4065,2014-12-20 12:31:19,11.8
3232014,1,4,2,4066,2014-12-20 12:31:22,5.0
3232014,1,4,2,4067,2014-12-20 12:31:25,7.5
3232014,1,4,2,4068,2014-12-20 12:31:28,16.8
3232014,1,4,2,4069,2014-12-20 12:31:31,23.6
3232014,1,4,2,4070,2014-12-20 12:31:34,24.2
3232014,1,4,2,4071,2014-12-20 12:31:37,18.0
3232014,1,4,2,4072,2014-12-20 12:31:40,7.5
3232014,1,4,2,4073,2014-12-20 12:31:43,11.8
3232014,1,4,2,4074,2014-12-20 12:31:46,26.1
3232014,1,4,2,4075,2014-12-20 12:31:49,35.4
3232014,1,4,2,4076,2014-12-20 12:31:52,38.5
3232014,1,4,2,4077,2014-12-20 12:31:55,36.7
3232014,1,4,2,4078,2014-12-20 12:31:58,25.5
3232014,1,4,2,4079,2014-12-20 12:32:01,21.7
3232014,1,4,2,4080,2014-12-20 12:32:04,26.1
3232014,1,4,2,4081,2014-12-20 12:32:07,33.6
3232014,1,4,2,4082,2014-12-20 12:32:10,37.3
3232014,1,4,2,4083,2014-12-20 12:32:13,37.9
3232014,1,4,2,4084,2014-12-20 12:32:16,37.3
3232014,1,4,2,4085,2014-12-20 12:32:19,37.9
3232014,1,4,2,4086,2014-12-20 12:32:22,39.1
3232014,1,4,2,4087,2014-12-20 12:32:25,39.8
3232014,1,4,2,4088,2014-12-20 12:32:28,39.8
3232014,1,4,2,4089,2014-12-20 12:32:31,39.8
3232014,1,4,2,4090,2014-12-20 12:32:34,39.1
3232014,1,4,2,4091,2014-12-20 12:32:37,39.1
3232014,1,4,2,4092,2014-12-20 12:32:40,36.0
3232014,1,4,2,4093,2014-12-20 12:32:43,28.6
3232014,1,4,2,4094,2014-12-20 12:32:46,19.3
3232014,1,4,2,4095,2014-12-20 12:32:49,18.6
3232014,1,4,2,4096,2014-12-20 12:32:52,25.5
3232014,1,4,2,4097,2014-12-20 12:32:55,29.2
3232014,1,4,2,4098,2014-12-20 12:32:58,28.6
3232014,1,4,2,4099,2014-12-20 12:33:01,28.6
3232014,1,4,2,4100,2014-12-20 12:33:04,24.9
3232014,1,4,2,4101,2014-12-20 12:33:07,22.4
3232014,1,4,2,4102,2014-12-20 12:33:10,21.7
3232014,1,4,2,4103,2014-12-20 12:33:13,18.0
3232014,1,4,2,4104,2014-12-20 12:33:16,16.2
3232014,1,4,2,4105,2014-12-20 12:33:19,19.9
3232014,1,4,2,4106,2014-12-20 12:33:22,18.0
3232014,1,4,2,4107,2014-12-20 12:33:25,12.4
3232014,1,4,2,4108,2014-12-20 12:33:28,6.8
3232014,1,4,2,4109,2014-12-20 12:33:31,5.0
3232014,1,4,2,4110,2014-12-20 12:33:34,1.9
3232014,1,4,2,4111,2014-12-20 12:33:38,1.2
3232014,1,4,2,4112,2014-12-20 12:33:50,1.2
3232014,1,4,2,4113,2014-12-20 12:33:54,1.2
3232014,1,4,2,4114,2014-12-20 12:33:57,1.2
3232014,1,4,2,4115,2014-12-20 12:34:26,1.2
3232014,1,4,2,4116,2014-12-20 12:34:32,1.9
3232014,1,4,2,4117,2014-12-20 12:34:35,1.2
3232014,1,4,2,4118,2014-12-20 12:34:38,2.5
3232014,1,4,2,4119,2014-12-20 12:34:41,1.2
3232014,1,5,2,4126,2014-12-20 16:31:51,6.8
3232014,1,5,2,4127,2014-12-20 16:31:54,13.0
3232014,1,5,2,4128,2014-12-20 16:31:57,18.6
3232014,1,5,2,4129,2014-12-20 16:32:00,14.9
3232014,1,5,2,4130,2014-12-20 16:32:03,7.5
3232014,1,5,2,4131,2014-12-20 16:32:06,14.3
3232014,1,5,2,4132,2014-12-20 16:32:09,19.9
3232014,1,5,2,4133,2014-12-20 16:32:12,20.5
3232014,1,5,2,4134,2014-12-20 16:32:15,23.6
3232014,1,5,2,4135,2014-12-20 16:32:18,25.5
3232014,1,5,2,4136,2014-12-20 16:32:21,26.7
3232014,1,5,2,4137,2014-12-20 16:32:24,26.7
3232014,1,5,2,4138,2014-12-20 16:32:27,25.5
3232014,1,5,2,4139,2014-12-20 16:32:30,20.5
3232014,1,5,2,4140,2014-12-20 16:32:33,10.6
3232014,1,5,2,4141,2014-12-20 16:32:36,9.9
3232014,1,5,2,4142,2014-12-20 16:32:39,19.9
3232014,1,5,2,4143,2014-12-20 16:32:42,29.8
3232014,1,5,2,4144,2014-12-20 16:32:45,36.0
3232014,1,5,2,4145,2014-12-20 16:32:48,38.5
3232014,1,5,2,4146,2014-12-20 16:32:51,39.1
3232014,1,5,2,4147,2014-12-20 16:32:54,39.1
3232014,1,5,2,4148,2014-12-20 16:32:57,39.8
3232014,1,5,2,4149,2014-12-20 16:33:00,39.8
3232014,1,5,2,4150,2014-12-20 16:33:03,38.5
3232014,1,5,2,4151,2014-12-20 16:33:06,37.3
3232014,1,5,2,4152,2014-12-20 16:33:09,36.0
3232014,1,5,2,4153,2014-12-20 16:33:12,31.7
3232014,1,5,2,4154,2014-12-20 16:33:15,31.1
3232014,1,5,2,4155,2014-12-20 16:33:18,28.6
3232014,1,5,2,4156,2014-12-20 16:33:21,22.4
3232014,1,5,2,4157,2014-12-20 16:33:24,11.8
3232014,1,5,2,4158,2014-12-20 16:33:46,3.1
3232014,1,5,2,4159,2014-12-20 16:33:49,13.0
3232014,1,5,2,4160,2014-12-20 16:33:52,24.2
3232014,1,5,2,4161,2014-12-20 16:33:55,32.9
3232014,1,5,2,4162,2014-12-20 16:33:58,35.4
3232014,1,5,2,4163,2014-12-20 16:34:01,34.8
3232014,1,5,2,4164,2014-12-20 16:34:04,26.1
3232014,1,5,2,4165,2014-12-20 16:34:07,17.4
3232014,1,5,2,4166,2014-12-20 16:34:10,16.2
3232014,1,5,2,4167,2014-12-20 16:34:13,21.7
3232014,1,5,2,4168,2014-12-20 16:34:16,23.0
3232014,1,5,2,4169,2014-12-20 16:34:19,19.3
3232014,1,5,2,4170,2014-12-20 16:34:22,13.7
3232014,1,5,2,4171,2014-12-20 16:34:25,13.0
3232014,1,5,2,4172,2014-12-20 16:34:28,13.7
3232014,1,5,2,4173,2014-12-20 16:34:31,7.5
3232014,1,5,2,4174,2014-12-20 16:34:34,9.3
3232014,1,5,2,4175,2014-12-20 16:34:37,11.2
3232014,1,5,2,4176,2014-12-20 16:34:40,7.5
3232014,1,5,2,4177,2014-12-20 16:34:43,4.0
3232014,1,5,2,4178,2014-12-20 16:34:49,1.9
3232014,1,5,2,4179,2014-12-20 16:34:52,1.9
3232014,1,5,2,4180,2014-12-20 16:34:55,1.9
3232014,1,5,2,4181,2014-12-20 16:34:58,1.9
3232014,1,5,2,4182,2014-12-20 16:35:01,1.9
3232014,1,5,2,4183,2014-12-20 16:35:04,1.2
3232014,1,6,2,4472,2014-12-20 21:46:53,2.5
3232014,1,6,2,4473,2014-12-20 21:46:56,1.2
3232014,1,6,2,4474,2014-12-20 21:47:03,1.2
3232014,1,6,2,4475,2014-12-20 21:47:06,1.2
3232014,1,6,2,4476,2014-12-20 21:47:10,1.9
3232014,1,6,2,4477,2014-12-20 21:47:15,1.9
3232014,1,6,2,4478,2014-12-20 21:47:18,1.9
3232014,1,6,2,4479,2014-12-20 21:47:21,1.2
3232014,1,6,2,4480,2014-12-20 21:47:27,1.2
3232014,1,6,2,4481,2014-12-20 21:47:30,1.2
3232014,1,6,2,4482,2014-12-20 21:47:33,1.2
3232014,1,6,2,4483,2014-12-20 21:47:42,1.9
3232014,1,6,2,4484,2014-12-20 21:47:45,1.2
3232014,1,6,2,4485,2014-12-20 21:47:48,1.2
3232014,1,6,2,4486,2014-12-20 21:47:51,1.9
3232014,1,6,2,4487,2014-12-20 21:47:54,1.2
3232014,1,6,2,4488,2014-12-20 21:48:28,1.9
3232014,1,6,2,4489,2014-12-20 21:48:31,1.9
3232014,1,6,2,4490,2014-12-20 21:48:36,1.9
3232014,1,6,2,4491,2014-12-20 21:48:43,1.2
3232014,1,6,2,4492,2014-12-20 21:48:46,1.9
3232014,1,6,2,4493,2014-12-20 21:48:49,1.9
3232014,1,6,2,4494,2014-12-20 21:48:52,1.9
3232014,1,6,2,4495,2014-12-20 21:48:55,2.5
3232014,1,6,2,4496,2014-12-20 21:48:58,2.5
3232014,1,6,2,4497,2014-12-20 21:49:01,1.9
3232014,1,6,2,4498,2014-12-20 21:49:04,1.9
3232014,1,6,2,4499,2014-12-20 21:49:07,1.9
3232014,1,6,2,4500,2014-12-20 21:49:10,1.2
3232014,1,6,2,4501,2014-12-20 21:49:13,1.9
3232014,1,6,2,4502,2014-12-20 21:49:16,2.5
3232014,1,6,2,4503,2014-12-20 21:49:19,1.9
3232014,1,6,2,4504,2014-12-20 21:49:22,1.2
3232014,1,6,2,4505,2014-12-20 21:49:26,1.9
3232014,1,6,2,4506,2014-12-20 21:49:29,2.5
3232014,1,6,2,4507,2014-12-20 21:49:32,1.2
3232014,1,6,2,4508,2014-12-20 21:49:35,2.5
3232014,1,6,2,4509,2014-12-20 21:49:38,1.9
3232014,1,6,2,4510,2014-12-20 21:49:41,1.2
3232014,1,6,2,4511,2014-12-20 21:49:45,1.2
3232014,1,6,2,4512,2014-12-20 21:49:50,1.2
3232014,1,6,2,4513,2014-12-20 21:49:53,1.2
3232014,1,6,2,4514,2014-12-20 21:50:14,1.2
3232014,1,6,2,4515,2014-12-20 21:50:25,2.5
3232014,1,6,2,4516,2014-12-20 21:50:32,1.9
3232014,1,6,2,4517,2014-12-20 21:50:42,1.2
3232014,1,6,2,4518,2014-12-20 21:50:48,1.2
3232014,1,6,2,4519,2014-12-20 21:51:00,1.9
3232014,1,6,2,4520,2014-12-20 21:51:06,1.2
3232014,1,6,2,4521,2014-12-20 21:51:11,1.2
3232014,1,6,2,4522,2014-12-20 21:51:29,1.9
3232014,1,6,2,4523,2014-12-20 21:51:32,1.2
3232014,1,6,2,4524,2014-12-20 21:51:59,1.2
3232014,1,6,2,4525,2014-12-20 21:52:02,1.9
3232014,1,6,2,4526,2014-12-20 21:52:09,1.2
3232014,1,6,2,4527,2014-12-20 21:52:31,1.2
3232014,1,6,2,4528,2014-12-20 21:52:51,1.2
3232014,1,6,2,4529,2014-12-20 21:53:21,1.2
3232014,1,6,2,4530,2014-12-20 21:53:24,1.9
3232014,1,6,2,4531,2014-12-20 21:53:29,1.2
3232014,1,6,2,4532,2014-12-20 21:53:32,2.5
3232014,1,6,2,4533,2014-12-20 21:53:35,1.9
3232014,1,6,2,4534,2014-12-20 21:53:40,1.9
3232014,1,6,2,4535,2014-12-20 21:53:44,1.2
3232014,1,6,2,4536,2014-12-20 21:53:47,1.2
3232014,1,6,2,4537,2014-12-20 21:53:59,1.2
3232014,1,6,2,4538,2014-12-20 21:54:02,1.9
3232014,1,6,2,4539,2014-12-20 21:54:16,1.2
3232014,1,6,2,4540,2014-12-20 21:54:19,1.9
3232014,1,6,2,4541,2014-12-20 21:54:22,1.2
3232014,1,6,2,4542,2014-12-20 21:54:25,1.2
3232014,1,6,2,4543,2014-12-20 21:54:34,1.2
3232014,1,6,2,4544,2014-12-20 21:54:37,1.9
3232014,1,6,2,4545,2014-12-20 21:54:40,2.5
3232014,1,6,2,4546,2014-12-20 21:54:43,1.9
3232014,1,6,2,4547,2014-12-20 21:54:46,1.9
3232014,1,6,2,4548,2014-12-20 21:54:49,1.2
3232014,1,6,2,4549,2014-12-20 21:54:53,1.2
3232014,1,6,2,4550,2014-12-20 21:55:14,1.2
3232014,1,6,2,4551,2014-12-20 21:55:17,1.9
3232014,1,6,2,4552,2014-12-20 21:55:20,1.2
3232014,1,6,2,4553,2014-12-20 21:55:39,1.9
3232014,1,6,2,4554,2014-12-20 21:55:42,1.2
3232014,1,6,2,4555,2014-12-20 21:55:45,3.7
3232014,1,6,2,4556,2014-12-20 21:55:49,1.2
3232014,1,6,2,4557,2014-12-20 21:56:00,1.2
3232014,1,6,2,4558,2014-12-20 21:56:04,1.2
3232014,1,6,2,4559,2014-12-20 21:56:08,1.2
3232014,1,6,2,4560,2014-12-20 21:56:15,1.2
3232014,1,6,2,4561,2014-12-20 21:56:18,1.2
3232014,1,6,2,4562,2014-12-20 21:56:21,2.5
3232014,1,6,2,4563,2014-12-20 21:56:24,2.5
3232014,1,6,2,4564,2014-12-20 21:56:27,2.5
3232014,1,6,2,4566,2014-12-20 21:58:23,2.5
3232014,1,6,2,4567,2014-12-20 21:58:26,1.2
3232014,1,6,2,4568,2014-12-20 21:58:50,1.9
3232014,1,6,2,4569,2014-12-20 21:58:53,1.2
3232014,1,6,2,4570,2014-12-20 21:58:56,1.2
3232014,1,6,2,4571,2014-12-20 21:59:00,1.9
3232014,1,6,2,4572,2014-12-20 21:59:03,1.9
3232014,1,6,2,4573,2014-12-20 21:59:06,1.9
3232014,1,6,2,4574,2014-12-20 21:59:09,1.2
3232014,1,6,2,4575,2014-12-20 21:59:12,1.9
3232014,1,6,2,4576,2014-12-20 21:59:15,1.9
3232014,1,6,2,4577,2014-12-20 21:59:27,1.2
3232014,1,6,2,4578,2014-12-20 21:59:32,1.2
3232014,1,6,2,4579,2014-12-20 21:59:35,1.2
3232014,1,6,2,4580,2014-12-20 21:59:46,1.9
3232014,1,6,2,4581,2014-12-20 21:59:57,1.2
3232014,1,6,2,4582,2014-12-20 22:00:00,1.2
3232014,1,7,2,4834,2014-12-20 23:23:23,1.2
3232014,1,7,2,4835,2014-12-20 23:23:28,1.2
3232014,1,7,2,4836,2014-12-20 23:23:33,1.2
3232014,1,7,2,4837,2014-12-20 23:23:39,1.2
3232014,1,7,2,4838,2014-12-20 23:23:50,1.9
3232014,1,7,2,4839,2014-12-20 23:24:05,1.2
3232014,1,7,2,4840,2014-12-20 23:24:13,1.2
3232014,1,7,2,4841,2014-12-20 23:24:16,1.9
3232014,1,7,2,4842,2014-12-20 23:24:22,1.9
3232014,1,7,2,4843,2014-12-20 23:24:25,1.9
3232014,1,7,2,4844,2014-12-20 23:24:28,1.9
3232014,1,7,2,4845,2014-12-20 23:24:31,1.2
3232014,1,7,2,4846,2014-12-20 23:24:34,1.2
3232014,1,7,2,4847,2014-12-20 23:24:37,1.2
3232014,1,7,2,4848,2014-12-20 23:24:43,1.9
3232014,1,7,2,4849,2014-12-20 23:24:46,1.9
3232014,1,7,2,4850,2014-12-20 23:24:49,2.5
3232014,1,7,2,4851,2014-12-20 23:24:52,1.2
3232014,1,7,2,4852,2014-12-20 23:24:55,1.9
3232014,1,7,2,4853,2014-12-20 23:24:58,1.9
3232014,1,7,2,4854,2014-12-20 23:25:01,1.2
3232014,1,7,2,4855,2014-12-20 23:25:04,1.9
3232014,1,7,2,4856,2014-12-20 23:25:07,1.2
3232014,1,7,2,4857,2014-12-20 23:25:10,1.9
3232014,1,7,2,4858,2014-12-20 23:25:13,1.9
3232014,1,7,2,4859,2014-12-20 23:25:22,2.5
3232014,1,7,2,4860,2014-12-20 23:25:27,1.2
3232014,1,7,2,4861,2014-12-20 23:25:34,1.9
3232014,1,7,2,4862,2014-12-20 23:25:37,3.1
3232014,1,7,2,4863,2014-12-20 23:25:41,1.2
3232014,1,7,2,4864,2014-12-20 23:25:44,1.9
3232014,1,7,2,4865,2014-12-20 23:25:47,1.9
3232014,1,7,2,4866,2014-12-20 23:25:50,1.9
3232014,1,7,2,4867,2014-12-20 23:25:53,2.5
3232014,1,7,2,4868,2014-12-20 23:25:57,1.2
3232014,1,7,2,4869,2014-12-20 23:26:00,1.2
3232014,1,7,2,4870,2014-12-20 23:26:04,1.2
3232014,1,7,2,4871,2014-12-20 23:26:07,1.9
3232014,1,7,2,4872,2014-12-20 23:26:23,1.2
3232014,1,7,2,4873,2014-12-20 23:26:27,1.2
3232014,1,7,2,4874,2014-12-20 23:26:31,1.2
3232014,1,7,2,4875,2014-12-20 23:26:34,1.2
3232014,1,7,2,4876,2014-12-20 23:26:37,1.2
3232014,1,7,2,4877,2014-12-20 23:26:40,1.2
3232014,1,7,2,4878,2014-12-20 23:26:43,2.5
3232014,1,7,2,4879,2014-12-20 23:26:46,1.9
3232014,1,7,2,4880,2014-12-20 23:26:51,1.2
3232014,1,7,2,4881,2014-12-20 23:26:59,1.2
3232014,1,7,2,4882,2014-12-20 23:27:02,1.2
3232014,1,7,2,4883,2014-12-20 23:27:05,1.9
3232014,1,7,2,4884,2014-12-20 23:27:13,1.9
3232014,1,7,2,4885,2014-12-20 23:27:25,1.2
3232014,1,7,2,4886,2014-12-20 23:27:33,2.5
3232014,1,7,2,4887,2014-12-20 23:27:39,1.2
3232014,1,7,2,4888,2014-12-20 23:27:42,1.2
3232014,1,7,2,4889,2014-12-20 23:27:45,1.2
3232014,1,7,2,4890,2014-12-20 23:27:48,1.9
3232014,1,7,2,4891,2014-12-20 23:27:51,1.9
3232014,1,7,2,4892,2014-12-20 23:27:56,1.2
3232014,1,7,2,4893,2014-12-20 23:27:59,3.7
3232014,1,7,2,4894,2014-12-20 23:28:02,3.1
3232014,1,7,2,4895,2014-12-20 23:28:05,1.2
3232014,1,7,2,4896,2014-12-20 23:28:15,1.2
3232014,1,7,2,4897,2014-12-20 23:28:18,1.2
3232014,1,7,2,4898,2014-12-20 23:28:21,1.2
3232014,1,7,2,4899,2014-12-20 23:28:27,1.2
3232014,1,7,2,4900,2014-12-20 23:28:30,3.1
3232014,1,7,2,4901,2014-12-20 23:28:33,1.2
3232014,1,7,2,4902,2014-12-20 23:28:38,1.2
3232014,1,7,2,4903,2014-12-20 23:28:41,1.9
3232014,1,7,2,4904,2014-12-20 23:28:44,1.2
3232014,1,7,2,4905,2014-12-20 23:28:47,1.2
3232014,1,7,2,4906,2014-12-20 23:28:50,1.9
3232014,1,7,2,4907,2014-12-20 23:28:53,1.2
3232014,1,7,2,4908,2014-12-20 23:28:56,1.9
3232014,1,7,2,4909,2014-12-20 23:28:59,1.2
3232014,1,7,2,4910,2014-12-20 23:29:02,1.2
3232014,1,7,2,4911,2014-12-20 23:29:05,1.9
3232014,1,7,2,4912,2014-12-20 23:29:13,1.2
3232014,1,7,2,4913,2014-12-20 23:29:22,1.2
3232014,1,7,2,4914,2014-12-20 23:29:25,1.2
3232014,1,8,2,4997,2014-12-20 23:36:44,1.2
3232014,1,8,2,4998,2014-12-20 23:36:47,1.2
3232014,1,8,2,4999,2014-12-20 23:36:50,1.9
3232014,1,8,2,5000,2014-12-20 23:36:53,1.2
3232014,1,8,2,5001,2014-12-20 23:36:56,1.2
3232014,1,8,2,5002,2014-12-20 23:36:59,1.2
3232014,1,8,2,5003,2014-12-20 23:37:02,1.2
3232014,1,8,2,5004,2014-12-20 23:37:05,1.2
3232014,1,9,2,5183,2014-12-21 01:18:52,1.2
3232014,1,9,2,5184,2014-12-21 01:18:55,1.2
3232014,1,9,2,5185,2014-12-21 01:19:03,1.2
3232014,1,9,2,5186,2014-12-21 01:19:15,1.2
3232014,1,9,2,5187,2014-12-21 01:19:18,1.2
3232014,1,9,2,5188,2014-12-21 01:19:21,1.9
3232014,1,9,2,5189,2014-12-21 01:19:24,1.2
3232014,1,9,2,5190,2014-12-21 01:19:31,1.9
3232014,1,9,2,5191,2014-12-21 01:19:37,1.2
3232014,1,9,2,5192,2014-12-21 01:20:31,2.5
3232014,1,9,2,5193,2014-12-21 01:20:34,1.2
3232014,1,9,2,5194,2014-12-21 01:20:42,1.9
3232014,1,9,2,5195,2014-12-21 01:20:48,1.2
3232014,1,9,2,5196,2014-12-21 01:20:59,1.9
3232014,1,9,2,5197,2014-12-21 01:21:02,1.2
3232014,1,9,2,5198,2014-12-21 01:21:05,1.2
3232014,1,9,2,5199,2014-12-21 01:21:08,1.2
3232014,1,9,2,5200,2014-12-21 01:21:11,1.9
3232014,1,9,2,5201,2014-12-21 01:21:14,1.9
3232014,1,9,2,5202,2014-12-21 01:21:18,1.2
3232014,1,9,2,5203,2014-12-21 01:21:21,1.2
3232014,1,9,2,5204,2014-12-21 01:21:27,1.2
3232014,1,9,2,5205,2014-12-21 01:21:38,1.2
3232014,1,9,2,5206,2014-12-21 01:22:00,1.9
3232014,1,9,2,5207,2014-12-21 01:22:03,1.2
3232014,1,9,2,5208,2014-12-21 01:22:06,1.9
3232014,1,9,2,5209,2014-12-21 01:22:09,1.2
3232014,1,9,2,5210,2014-12-21 01:22:12,2.5
3232014,1,9,2,5211,2014-12-21 01:22:15,1.2
3232014,1,9,2,5212,2014-12-21 01:22:19,1.2
3232014,1,9,2,5213,2014-12-21 01:22:22,1.9
3232014,1,9,2,5214,2014-12-21 01:22:26,1.2
3232014,1,9,2,5215,2014-12-21 01:22:34,1.2
3232014,1,9,2,5216,2014-12-21 01:22:41,1.2
3232014,1,9,2,5217,2014-12-21 01:22:47,2.5
3232014,1,9,2,5218,2014-12-21 01:22:50,1.2
3232014,1,9,2,5219,2014-12-21 01:22:56,2.5
3232014,1,9,2,5220,2014-12-21 01:23:04,1.2
3232014,1,9,2,5221,2014-12-21 01:23:07,1.2
3232014,1,9,2,5222,2014-12-21 01:23:10,1.2
3232014,1,9,2,5223,2014-12-21 01:23:13,1.2
3232014,1,9,2,5224,2014-12-21 01:23:17,1.2
3232014,1,9,2,5225,2014-12-21 01:23:43,1.2
3232014,1,9,2,5226,2014-12-21 01:23:46,1.2
3232014,1,9,2,5227,2014-12-21 01:23:58,1.2
3232014,1,9,2,5228,2014-12-21 01:24:01,1.9
3232014,1,9,2,5229,2014-12-21 01:24:04,1.2
3232014,1,9,2,5230,2014-12-21 01:24:18,1.2
3232014,1,9,2,5231,2014-12-21 01:24:52,1.9
3232014,1,9,2,5232,2014-12-21 01:24:55,1.2
3232014,1,9,2,5233,2014-12-21 01:24:59,1.2
3232014,1,9,2,5234,2014-12-21 01:25:27,1.9
3232014,1,9,2,5235,2014-12-21 01:25:34,1.9
3232014,1,9,2,5236,2014-12-21 01:25:40,1.9
3232014,1,9,2,5237,2014-12-21 01:25:43,1.9
3232014,1,9,2,5238,2014-12-21 01:25:46,1.2
3232014,1,9,2,5239,2014-12-21 01:25:49,1.9
3232014,1,9,2,5240,2014-12-21 01:25:52,1.9
3232014,1,9,2,5241,2014-12-21 01:25:55,1.2
3232014,1,9,2,5242,2014-12-21 01:26:04,1.2
3232014,1,10,2,5566,2014-12-21 02:44:28,1.2
3232014,1,10,2,5567,2014-12-21 02:44:31,1.2
3232014,1,10,2,5568,2014-12-21 02:44:34,1.2
3232014,1,10,2,5569,2014-12-21 02:44:37,1.2
3232014,1,10,2,5570,2014-12-21 02:44:40,1.2
3232014,1,10,2,5571,2014-12-21 02:44:43,1.2
3232014,1,10,2,5572,2014-12-21 02:44:46,1.9
3232014,1,10,2,5573,2014-12-21 02:44:49,1.2
3232014,1,10,2,5574,2014-12-21 02:44:52,1.2
3232014,1,10,2,5575,2014-12-21 02:44:55,1.2
3232014,1,10,2,5576,2014-12-21 02:44:58,1.9
3232014,1,10,2,5577,2014-12-21 02:45:01,1.2
3232014,1,10,2,5578,2014-12-21 02:45:04,1.9
3232014,1,10,2,5579,2014-12-21 02:45:07,1.9
3232014,1,10,2,5580,2014-12-21 02:45:10,1.2
3232014,1,10,2,5581,2014-12-21 02:45:13,1.2
3232014,1,10,2,5582,2014-12-21 02:45:16,1.2
3232014,1,10,2,5583,2014-12-21 02:45:19,1.3
3232014,1,10,2,5584,2014-12-21 02:45:23,1.2
3232014,1,10,2,5585,2014-12-21 02:45:51,1.2
3232014,1,10,2,5586,2014-12-21 02:45:57,1.2
3232014,1,10,2,5587,2014-12-21 02:46:00,1.2
3232014,1,10,2,5588,2014-12-21 02:46:03,1.2
3232014,1,10,2,5589,2014-12-21 02:46:06,1.9
3232014,1,10,2,5590,2014-12-21 02:46:12,1.9
3232014,1,10,2,5591,2014-12-21 02:46:15,1.2
3232014,1,10,2,5592,2014-12-21 02:46:18,1.2
3232014,1,10,2,5593,2014-12-21 02:46:21,1.9
3232014,1,10,2,5594,2014-12-21 02:46:24,1.9
3232014,1,10,2,5595,2014-12-21 02:46:27,2.5
3232014,1,10,2,5596,2014-12-21 02:46:30,2.5
3232014,1,10,2,5597,2014-12-21 02:46:33,2.5
3232014,1,10,2,5598,2014-12-21 02:46:36,1.2
3232014,1,10,2,5599,2014-12-21 02:46:39,1.2
3232014,1,10,2,5600,2014-12-21 02:46:53,1.2
3232014,1,10,2,5601,2014-12-21 02:47:37,1.2
3232014,1,10,2,5602,2014-12-21 02:47:40,1.9
3232014,1,10,2,5603,2014-12-21 02:47:43,1.2
3232014,1,10,2,5604,2014-12-21 02:47:50,1.2
3232014,1,10,2,5605,2014-12-21 02:47:58,1.2
3232014,1,10,2,5606,2014-12-21 02:48:01,1.9
3232014,1,10,2,5607,2014-12-21 02:48:04,3.1
3232014,1,10,2,5608,2014-12-21 02:48:07,1.9
3232014,1,10,2,5609,2014-12-21 02:48:10,1.2
3232014,1,10,2,5610,2014-12-21 02:48:13,1.9
3232014,1,10,2,5611,2014-12-21 02:48:16,2.5
3232014,1,10,2,5612,2014-12-21 02:48:19,1.9
3232014,1,10,2,5613,2014-12-21 02:49:01,1.2
3232014,1,10,2,5614,2014-12-21 02:49:07,1.2
3232014,1,10,2,5615,2014-12-21 02:49:10,1.2
3232014,1,10,2,5616,2014-12-21 02:49:13,1.2
3232014,1,10,2,5617,2014-12-21 02:49:16,1.2
3232014,1,10,2,5618,2014-12-21 02:49:19,1.2
3232014,1,10,2,5619,2014-12-21 02:49:22,1.2
3232014,1,10,2,5620,2014-12-21 02:49:25,1.9
3232014,1,10,2,5621,2014-12-21 02:49:29,1.2
3232014,1,10,2,5622,2014-12-21 02:49:35,1.2
3232014,1,10,2,5623,2014-12-21 02:49:43,1.2
3232014,1,10,2,5624,2014-12-21 02:49:46,1.2
3232014,1,10,2,5625,2014-12-21 02:49:49,1.2
3232014,1,10,2,5626,2014-12-21 02:49:52,1.9
3232014,1,10,2,5627,2014-12-21 02:49:55,1.9
3232014,1,10,2,5628,2014-12-21 02:49:58,1.2
3232014,1,10,2,5629,2014-12-21 02:50:01,1.9
3232014,1,10,2,5630,2014-12-21 02:50:04,1.2
3232014,1,10,2,5631,2014-12-21 02:50:10,1.2
3232014,1,10,2,5632,2014-12-21 02:50:13,1.2
3232014,1,10,2,5633,2014-12-21 02:50:16,1.2
3232014,1,10,2,5634,2014-12-21 02:50:21,1.2
3232014,1,10,2,5635,2014-12-21 02:50:48,1.2
3232014,1,10,2,5636,2014-12-21 02:51:02,1.2
3232014,1,10,2,5637,2014-12-21 02:51:05,2.5
3232014,1,10,2,5638,2014-12-21 02:51:29,1.9
3232014,1,10,2,5639,2014-12-21 02:51:32,1.2
3232014,1,10,2,5640,2014-12-21 02:51:37,1.2
3232014,1,10,2,5641,2014-12-21 02:51:40,1.2
3232014,1,10,2,5642,2014-12-21 02:51:43,1.2
3232014,1,10,2,5643,2014-12-21 02:51:46,1.9
3232014,1,10,2,5644,2014-12-21 02:51:50,1.2
3232014,1,10,2,5645,2014-12-21 02:52:05,1.2
3232014,1,10,2,5646,2014-12-21 02:52:08,2.5
3232014,1,10,2,5647,2014-12-21 02:52:12,1.2
3232014,1,10,2,5648,2014-12-21 02:52:28,1.2
3232014,1,10,2,5649,2014-12-21 02:52:36,1.2
3232014,1,10,2,5650,2014-12-21 02:52:40,1.2
3232014,1,10,2,5651,2014-12-21 02:52:49,1.2
3232014,1,10,2,5652,2014-12-21 02:52:52,1.2
3232014,1,10,2,5653,2014-12-21 02:52:55,1.2
3232014,1,10,2,5654,2014-12-21 02:52:58,1.2
3232014,1,10,2,5655,2014-12-21 02:53:02,1.2
3232014,1,10,2,5656,2014-12-21 02:53:05,1.2
3232014,1,10,2,5657,2014-12-21 02:53:10,1.2
3232014,1,10,2,5658,2014-12-21 02:53:13,1.2
3232014,1,10,2,5659,2014-12-21 02:53:23,1.9
3232014,1,10,2,5660,2014-12-21 02:53:26,1.2
3232014,1,10,2,5661,2014-12-21 02:53:30,1.2
3232014,1,10,2,5662,2014-12-21 02:53:33,1.2
3232014,1,10,2,5663,2014-12-21 02:53:36,1.2
3232014,1,10,2,5664,2014-12-21 02:53:39,1.2
3232014,1,10,2,5665,2014-12-21 02:53:42,1.9
3232014,1,10,2,5666,2014-12-21 02:53:45,1.9
3232014,1,10,2,5667,2014-12-21 02:53:48,1.2
3232014,1,10,2,5668,2014-12-21 02:53:51,1.9
3232014,1,10,2,5669,2014-12-21 02:54:02,1.2
3232014,1,10,2,5670,2014-12-21 02:54:05,2.5
3232014,1,10,2,5671,2014-12-21 02:54:08,3.1
3232014,1,10,2,5672,2014-12-21 02:54:11,1.9
3232014,1,10,2,5673,2014-12-21 02:54:14,2.5
3232014,1,10,2,5674,2014-12-21 02:54:17,1.9
3232014,1,10,2,5675,2014-12-21 02:55:09,1.2
3232014,1,10,2,5676,2014-12-21 02:55:12,1.2
3232014,1,10,2,5677,2014-12-21 02:55:15,1.2
3232014,1,10,2,5678,2014-12-21 02:55:18,2.5
3232014,1,10,2,5679,2014-12-21 02:55:21,1.9
3232014,1,10,2,5680,2014-12-21 02:55:24,1.9
3232014,1,10,2,5681,2014-12-21 02:55:27,2.5
3232014,1,10,2,5682,2014-12-21 02:55:30,1.9
3232014,1,10,2,5683,2014-12-21 02:55:33,1.9
3232014,1,10,2,5684,2014-12-21 02:55:36,1.2
3232014,1,10,2,5685,2014-12-21 02:55:41,1.2
3232014,1,10,2,5686,2014-12-21 02:55:46,2.5
3232014,1,10,2,5687,2014-12-21 02:55:49,1.2
3232014,1,10,2,5688,2014-12-21 02:55:52,1.2
3232014,1,10,2,5689,2014-12-21 02:55:55,1.2
3232014,1,10,2,5701,2014-12-21 02:57:51,1.9
3232014,1,10,2,5702,2014-12-21 02:57:54,1.9
3232014,1,10,2,5703,2014-12-21 02:58:09,1.2
3232014,1,10,2,5704,2014-12-21 02:58:14,1.4
3232014,1,10,2,5705,2014-12-21 02:58:17,1.9
3232014,1,10,2,5706,2014-12-21 02:58:20,2.5
3232014,1,10,2,5707,2014-12-21 02:58:32,1.2
3232014,1,10,2,5708,2014-12-21 02:58:40,1.9
3232014,1,10,2,5709,2014-12-21 02:58:52,1.2
3232014,1,10,2,5710,2014-12-21 02:58:55,1.2
3232014,1,10,2,5711,2014-12-21 02:59:00,1.2
3232014,1,11,3,5712,2014-12-21 03:06:37,3.1
3232014,1,11,3,5713,2014-12-21 03:06:40,1.2
3232014,1,11,3,5714,2014-12-21 03:06:44,1.2
3232014,1,11,3,5715,2014-12-21 03:06:51,1.2
3232014,1,11,3,5716,2014-12-21 03:06:55,1.2
3232014,1,11,3,5717,2014-12-21 03:06:59,1.2
3232014,1,11,3,5718,2014-12-21 03:07:09,1.9
3232014,1,11,3,5719,2014-12-21 03:07:12,3.1
3232014,1,11,3,5720,2014-12-21 03:07:15,1.9
3232014,1,11,3,5721,2014-12-21 03:07:18,1.9
3232014,1,11,3,5722,2014-12-21 03:07:21,1.9
3232014,1,11,3,5723,2014-12-21 03:07:24,1.2
3232014,1,11,3,5724,2014-12-21 03:07:27,1.2
3232014,1,11,3,5725,2014-12-21 03:07:31,1.2
3232014,1,11,3,5726,2014-12-21 03:07:39,1.2
3232014,1,11,3,5727,2014-12-21 03:07:42,1.2
3232014,1,11,3,5728,2014-12-21 03:07:45,1.2
3232014,1,11,3,5729,2014-12-21 03:07:54,1.2
3232014,1,11,3,5748,2014-12-21 03:11:25,5.6
3232014,1,11,3,5749,2014-12-21 03:11:28,7.5
3232014,1,11,3,5750,2014-12-21 03:11:31,6.2
3232014,1,11,3,5751,2014-12-21 03:11:34,2.5
3232014,1,11,3,5752,2014-12-21 03:11:37,3.7
3232014,1,11,3,5753,2014-12-21 03:11:40,13.0
3232014,1,11,3,5754,2014-12-21 03:11:43,11.8
3232014,1,11,3,5755,2014-12-21 03:11:46,5.6
3232014,1,11,3,5756,2014-12-21 03:11:49,1.9
3232014,1,11,3,5757,2014-12-21 03:11:53,1.9
3232014,1,11,3,5758,2014-12-21 03:11:56,10.6
3232014,1,11,3,5759,2014-12-21 03:11:59,16.2
3232014,1,11,3,5760,2014-12-21 03:12:02,16.2
3232014,1,11,3,5761,2014-12-21 03:12:05,16.8
3232014,1,11,3,5762,2014-12-21 03:12:08,14.3
3232014,1,11,3,5763,2014-12-21 03:12:11,6.8
3232014,1,11,3,5764,2014-12-21 03:12:15,1.2
3232014,1,11,3,5765,2014-12-21 03:12:18,5.6
3232014,1,11,3,5766,2014-12-21 03:12:21,2.5
3232014,1,11,3,5767,2014-12-21 03:12:36,2.5
3232014,1,11,3,5768,2014-12-21 03:12:39,5.6
3232014,1,11,3,5769,2014-12-21 03:12:42,18.6
3232014,1,11,3,5770,2014-12-21 03:12:45,23.6
3232014,1,11,3,5771,2014-12-21 03:12:48,20.5
3232014,1,11,3,5772,2014-12-21 03:12:51,11.2
3232014,1,11,3,5773,2014-12-21 03:13:03,4.3
3232014,1,11,3,5774,2014-12-21 03:13:06,12.4
3232014,1,11,3,5775,2014-12-21 03:13:09,21.7
3232014,1,11,3,5776,2014-12-21 03:13:12,23.6
3232014,1,11,3,5777,2014-12-21 03:13:15,22.4
3232014,1,11,3,5778,2014-12-21 03:13:18,23.0
3232014,1,11,3,5779,2014-12-21 03:13:21,23.6
3232014,1,11,3,5780,2014-12-21 03:13:24,20.5
3232014,1,11,3,5781,2014-12-21 03:13:27,15.5
3232014,1,11,3,5782,2014-12-21 03:13:30,21.1
3232014,1,11,3,5783,2014-12-21 03:13:33,26.1
3232014,1,11,3,5784,2014-12-21 03:13:36,30.4
3232014,1,11,3,5785,2014-12-21 03:13:39,30.4
3232014,1,11,3,5786,2014-12-21 03:13:42,30.4
3232014,1,11,3,5787,2014-12-21 03:13:45,29.8
3232014,1,11,3,5788,2014-12-21 03:13:48,29.8
3232014,1,11,3,5789,2014-12-21 03:13:51,35.4
3232014,1,11,3,5790,2014-12-21 03:13:54,13.7
3232014,1,11,3,5791,2014-12-21 03:14:03,4.3
3232014,1,11,3,5792,2014-12-21 03:14:06,18.0
3232014,1,11,3,5793,2014-12-21 03:14:09,28.0
3232014,1,11,3,5794,2014-12-21 03:14:12,34.8
3232014,1,11,3,5795,2014-12-21 03:14:15,39.1
3232014,1,11,3,5796,2014-12-21 03:14:18,42.3
3232014,1,11,3,5797,2014-12-21 03:14:21,43.5
3232014,1,11,3,5798,2014-12-21 03:14:24,44.7
3232014,1,11,3,5799,2014-12-21 03:14:27,47.8
3232014,1,11,3,5800,2014-12-21 03:14:30,51.6
3232014,1,11,3,5801,2014-12-21 03:14:33,55.3
3232014,1,11,3,5802,2014-12-21 03:14:36,57.8
3232014,1,11,3,5803,2014-12-21 03:14:39,59.7
3232014,1,11,3,5804,2014-12-21 03:14:42,61.5
3232014,1,11,3,5805,2014-12-21 03:14:45,62.8
3232014,1,11,3,5806,2014-12-21 03:14:48,62.1
3232014,1,11,3,5807,2014-12-21 03:14:51,62.8
3232014,1,11,3,5808,2014-12-21 03:14:54,61.5
3232014,1,11,3,5809,2014-12-21 03:14:57,60.9
3232014,1,11,3,5810,2014-12-21 03:15:01,62.8
3232014,1,11,3,5811,2014-12-21 03:15:04,62.8
3232014,1,11,3,5812,2014-12-21 03:15:07,64.0
3232014,1,11,3,5813,2014-12-21 03:15:10,63.4
3232014,1,11,3,5814,2014-12-21 03:15:13,63.4
3232014,1,11,3,5815,2014-12-21 03:15:16,63.4
3232014,1,11,3,5816,2014-12-21 03:15:19,64.6
3232014,1,11,3,5817,2014-12-21 03:15:22,66.5
3232014,1,11,3,5818,2014-12-21 03:15:25,67.1
3232014,1,11,3,5819,2014-12-21 03:15:28,67.7
3232014,1,11,3,5820,2014-12-21 03:15:31,69.0
3232014,1,11,3,5821,2014-12-21 03:15:34,70.2
3232014,1,11,3,5822,2014-12-21 03:15:37,70.8
3232014,1,11,3,5823,2014-12-21 03:15:40,71.5
3232014,1,11,3,5824,2014-12-21 03:15:43,71.5
3232014,1,11,3,5825,2014-12-21 03:15:46,70.2
3232014,1,11,3,5826,2014-12-21 03:15:49,68.4
3232014,1,11,3,5827,2014-12-21 03:15:52,66.5
3232014,1,11,3,5828,2014-12-21 03:15:55,65.9
3232014,1,11,3,5829,2014-12-21 03:15:58,65.2
3232014,1,11,3,5830,2014-12-21 03:16:01,65.9
3232014,1,11,3,5831,2014-12-21 03:16:04,67.1
3232014,1,11,3,5832,2014-12-21 03:16:07,67.7
3232014,1,11,3,5833,2014-12-21 03:16:10,68.4
3232014,1,11,3,5834,2014-12-21 03:16:13,68.4
3232014,1,11,3,5835,2014-12-21 03:16:16,68.4
3232014,1,11,3,5836,2014-12-21 03:16:19,68.6
3232014,1,11,3,5837,2014-12-21 03:16:22,68.4
3232014,1,11,3,5838,2014-12-21 03:16:25,67.7
3232014,1,11,3,5839,2014-12-21 03:16:28,67.1
3232014,1,11,3,5840,2014-12-21 03:16:31,67.1
3232014,1,11,3,5841,2014-12-21 03:16:34,66.5
3232014,1,11,3,5842,2014-12-21 03:16:37,65.2
3232014,1,11,3,5843,2014-12-21 03:16:40,65.2
3232014,1,11,3,5844,2014-12-21 03:16:43,65.9
3232014,1,11,3,5845,2014-12-21 03:16:46,66.5
3232014,1,11,3,5846,2014-12-21 03:16:49,67.7
3232014,1,11,3,5847,2014-12-21 03:16:52,68.4
3232014,1,11,3,5848,2014-12-21 03:16:55,67.1
3232014,1,11,3,5849,2014-12-21 03:16:58,68.4
3232014,1,11,3,5850,2014-12-21 03:17:01,67.1
3232014,1,11,3,5851,2014-12-21 03:17:04,67.1
3232014,1,11,3,5852,2014-12-21 03:17:07,67.1
3232014,1,11,3,5853,2014-12-21 03:17:10,67.7
3232014,1,11,3,5854,2014-12-21 03:17:13,69.0
3232014,1,11,3,5855,2014-12-21 03:17:16,69.0
3232014,1,11,3,5856,2014-12-21 03:17:19,69.6
3232014,1,11,3,5857,2014-12-21 03:17:22,69.6
3232014,1,11,3,5858,2014-12-21 03:17:25,70.2
3232014,1,11,3,5859,2014-12-21 03:17:28,70.2
3232014,1,11,3,5860,2014-12-21 03:17:31,70.8
3232014,1,11,3,5861,2014-12-21 03:17:36,69.6
3232014,1,11,3,5862,2014-12-21 03:17:39,69.6
3232014,1,11,3,5863,2014-12-21 03:17:42,69.0
3232014,1,11,3,5864,2014-12-21 03:17:45,68.4
3232014,1,11,3,5865,2014-12-21 03:17:48,68.4
3232014,1,11,3,5866,2014-12-21 03:17:51,68.4
3232014,1,11,3,5867,2014-12-21 03:17:54,68.4
3232014,1,11,3,5868,2014-12-21 03:17:57,69.0
3232014,1,11,3,5869,2014-12-21 03:18:00,69.0
3232014,1,11,3,5870,2014-12-21 03:18:03,68.4
3232014,1,11,3,5871,2014-12-21 03:18:06,67.7
3232014,1,11,3,5872,2014-12-21 03:18:09,67.7
3232014,1,11,3,5873,2014-12-21 03:18:12,67.7
3232014,1,11,3,5874,2014-12-21 03:18:15,67.7
3232014,1,11,3,5875,2014-12-21 03:18:18,67.1
3232014,1,11,3,5876,2014-12-21 03:18:21,66.5
3232014,1,11,3,5877,2014-12-21 03:18:24,67.1
3232014,1,11,3,5878,2014-12-21 03:18:27,67.7
3232014,1,11,3,5879,2014-12-21 03:18:30,67.7
3232014,1,11,3,5880,2014-12-21 03:18:33,67.7
3232014,1,11,3,5881,2014-12-21 03:18:36,67.1
3232014,1,11,3,5882,2014-12-21 03:18:39,67.1
3232014,1,11,3,5883,2014-12-21 03:18:42,67.1
3232014,1,11,3,5884,2014-12-21 03:18:45,66.5
3232014,1,11,3,5885,2014-12-21 03:18:48,66.5
3232014,1,11,3,5886,2014-12-21 03:18:51,65.2
3232014,1,11,3,5887,2014-12-21 03:18:54,64.0
3232014,1,11,3,5888,2014-12-21 03:18:57,62.8
3232014,1,11,3,5889,2014-12-21 03:19:00,62.1
3232014,1,11,3,5890,2014-12-21 03:19:03,60.9
3232014,1,11,3,5891,2014-12-21 03:19:06,59.7
3232014,1,11,3,5892,2014-12-21 03:19:09,60.3
3232014,1,11,3,5893,2014-12-21 03:19:12,61.5
3232014,1,11,3,5894,2014-12-21 03:19:15,62.1
3232014,1,11,3,5895,2014-12-21 03:19:18,62.8
3232014,1,11,3,5896,2014-12-21 03:19:21,63.4
3232014,1,11,3,5897,2014-12-21 03:19:24,64.0
3232014,1,11,3,5898,2014-12-21 03:19:27,64.6
3232014,1,11,3,5899,2014-12-21 03:19:30,65.2
3232014,1,11,3,5900,2014-12-21 03:19:36,65.2
3232014,1,11,3,5901,2014-12-21 03:19:39,64.0
3232014,1,11,3,5902,2014-12-21 03:19:42,63.4
3232014,1,11,3,5903,2014-12-21 03:19:45,64.0
3232014,1,11,3,5904,2014-12-21 03:19:48,65.2
3232014,1,11,3,5905,2014-12-21 03:19:51,67.1
3232014,1,11,3,5906,2014-12-21 03:19:54,67.7
3232014,1,11,3,5907,2014-12-21 03:19:57,68.4
3232014,1,11,3,5908,2014-12-21 03:20:00,69.6
3232014,1,11,3,5909,2014-12-21 03:20:03,70.2
3232014,1,11,3,5910,2014-12-21 03:20:06,70.8
3232014,1,11,3,5911,2014-12-21 03:20:09,72.1
3232014,1,11,3,5912,2014-12-21 03:20:12,73.3
3232014,1,11,3,5913,2014-12-21 03:20:15,72.7
3232014,1,11,3,5914,2014-12-21 03:20:18,70.8
3232014,1,11,3,5915,2014-12-21 03:20:21,70.2
3232014,1,11,3,5916,2014-12-21 03:20:24,70.8
3232014,1,11,3,5917,2014-12-21 03:20:27,70.8
3232014,1,11,3,5918,2014-12-21 03:20:30,70.8
3232014,1,11,3,5919,2014-12-21 03:20:33,71.5
3232014,1,11,3,5920,2014-12-21 03:20:36,71.5
3232014,1,11,3,5921,2014-12-21 03:20:39,72.1
3232014,1,11,3,5922,2014-12-21 03:20:42,73.3
3232014,1,11,3,5923,2014-12-21 03:20:45,73.3
3232014,1,11,3,5924,2014-12-21 03:20:48,73.3
3232014,1,11,3,5925,2014-12-21 03:20:51,73.3
3232014,1,11,3,5926,2014-12-21 03:20:54,73.9
3232014,1,11,3,5927,2014-12-21 03:20:57,74.6
3232014,1,11,3,5928,2014-12-21 03:21:00,75.2
3232014,1,11,3,5929,2014-12-21 03:21:03,75.8
3232014,1,11,3,5930,2014-12-21 03:21:06,72.7
3232014,1,11,3,5931,2014-12-21 03:21:09,69.6
3232014,1,11,3,5932,2014-12-21 03:21:12,69.6
3232014,1,11,3,5933,2014-12-21 03:21:15,69.0
3232014,1,11,3,5934,2014-12-21 03:21:18,69.0
3232014,1,11,3,5935,2014-12-21 03:21:21,69.0
3232014,1,11,3,5936,2014-12-21 03:21:24,69.6
3232014,1,11,3,5937,2014-12-21 03:21:27,69.6
3232014,1,11,3,5938,2014-12-21 03:21:30,70.2
3232014,1,11,3,5939,2014-12-21 03:21:33,70.2
3232014,1,11,3,5940,2014-12-21 03:21:36,70.8
3232014,1,11,3,5941,2014-12-21 03:21:39,70.8
3232014,1,11,3,5942,2014-12-21 03:21:42,71.5
3232014,1,11,3,5943,2014-12-21 03:21:45,71.5
3232014,1,11,3,5944,2014-12-21 03:21:48,71.5
3232014,1,11,3,5945,2014-12-21 03:21:51,72.1
3232014,1,11,3,5946,2014-12-21 03:21:54,72.1
3232014,1,11,3,5947,2014-12-21 03:21:57,72.1
3232014,1,11,3,5948,2014-12-21 03:22:00,73.3
3232014,1,11,3,5949,2014-12-21 03:22:03,72.1
3232014,1,11,3,5950,2014-12-21 03:22:06,70.2
3232014,1,11,3,5951,2014-12-21 03:22:09,69.6
3232014,1,11,3,5952,2014-12-21 03:22:12,69.6
3232014,1,11,3,5953,2014-12-21 03:22:15,70.2
3232014,1,11,3,5954,2014-12-21 03:22:18,70.2
3232014,1,11,3,5955,2014-12-21 03:22:21,70.2
3232014,1,11,3,5956,2014-12-21 03:22:24,70.2
3232014,1,11,3,5957,2014-12-21 03:22:27,70.2
3232014,1,11,3,5958,2014-12-21 03:22:30,70.8
3232014,1,11,3,5959,2014-12-21 03:22:33,71.5
3232014,1,11,3,5960,2014-12-21 03:22:36,71.5
3232014,1,11,3,5961,2014-12-21 03:22:39,70.8
3232014,1,11,3,5962,2014-12-21 03:22:42,70.8
3232014,1,11,3,5963,2014-12-21 03:22:45,70.2
3232014,1,11,3,5964,2014-12-21 03:22:48,69.6
3232014,1,11,3,5965,2014-12-21 03:22:51,70.2
3232014,1,11,3,5966,2014-12-21 03:22:54,67.7
3232014,1,11,3,5967,2014-12-21 03:22:57,67.7
3232014,1,11,3,5968,2014-12-21 03:23:00,67.1
3232014,1,11,3,5969,2014-12-21 03:23:03,67.1
3232014,1,11,3,5970,2014-12-21 03:23:06,67.1
3232014,1,11,3,5971,2014-12-21 03:23:09,67.1
3232014,1,11,3,5972,2014-12-21 03:23:12,67.1
3232014,1,11,3,5973,2014-12-21 03:23:15,67.7
3232014,1,11,3,5974,2014-12-21 03:23:18,67.1
3232014,1,11,3,5975,2014-12-21 03:23:21,67.1
3232014,1,11,3,5976,2014-12-21 03:23:24,67.7
3232014,1,11,3,5977,2014-12-21 03:23:27,67.7
3232014,1,11,3,5978,2014-12-21 03:23:30,67.7
3232014,1,11,3,5979,2014-12-21 03:23:33,67.7
3232014,1,11,3,5980,2014-12-21 03:23:36,68.2
3232014,1,11,3,5981,2014-12-21 03:23:39,68.4
3232014,1,11,3,5982,2014-12-21 03:23:42,68.4
3232014,1,11,3,5983,2014-12-21 03:23:45,68.4
3232014,1,11,3,5984,2014-12-21 03:23:48,68.4
3232014,1,11,3,5985,2014-12-21 03:23:51,69.6
3232014,1,11,3,5986,2014-12-21 03:23:54,69.0
3232014,1,11,3,5987,2014-12-21 03:23:57,69.0
3232014,1,11,3,5988,2014-12-21 03:24:00,69.0
3232014,1,11,3,5989,2014-12-21 03:24:03,69.0
3232014,1,11,3,5990,2014-12-21 03:24:06,69.0
3232014,1,11,3,5991,2014-12-21 03:24:09,69.0
3232014,1,11,3,5992,2014-12-21 03:24:12,68.4
3232014,1,11,3,5993,2014-12-21 03:24:15,67.7
3232014,1,11,3,5994,2014-12-21 03:24:18,67.7
3232014,1,11,3,5995,2014-12-21 03:24:21,67.1
3232014,1,11,3,5996,2014-12-21 03:24:24,67.1
3232014,1,11,3,5997,2014-12-21 03:24:27,65.9
3232014,1,11,3,5998,2014-12-21 03:24:30,61.5
3232014,1,11,3,5999,2014-12-21 03:24:33,58.4
3232014,1,11,3,6000,2014-12-21 03:24:36,56.5
3232014,1,11,3,6001,2014-12-21 03:24:39,57.2
3232014,1,11,3,6002,2014-12-21 03:24:42,57.2
3232014,1,11,3,6003,2014-12-21 03:24:45,57.2
3232014,1,11,3,6004,2014-12-21 03:24:48,57.8
3232014,1,11,3,6005,2014-12-21 03:24:51,58.4
3232014,1,11,3,6006,2014-12-21 03:24:54,58.4
3232014,1,11,3,6007,2014-12-21 03:24:57,59.0
3232014,1,11,3,6008,2014-12-21 03:25:00,59.0
3232014,1,11,3,6009,2014-12-21 03:25:03,59.0
3232014,1,11,3,6010,2014-12-21 03:25:06,59.0
3232014,1,11,3,6011,2014-12-21 03:25:09,59.7
3232014,1,11,3,6012,2014-12-21 03:25:12,59.7
3232014,1,11,3,6013,2014-12-21 03:25:15,58.4
3232014,1,11,3,6014,2014-12-21 03:25:18,58.4
3232014,1,11,3,6015,2014-12-21 03:25:21,58.4
3232014,1,11,3,6016,2014-12-21 03:25:24,58.4
3232014,1,11,3,6017,2014-12-21 03:25:27,58.4
3232014,1,11,3,6018,2014-12-21 03:25:30,59.0
3232014,1,11,3,6019,2014-12-21 03:25:33,59.0
3232014,1,11,3,6020,2014-12-21 03:25:36,58.4
3232014,1,11,3,6021,2014-12-21 03:25:39,59.0
3232014,1,11,3,6022,2014-12-21 03:25:42,59.7
3232014,1,11,3,6023,2014-12-21 03:25:45,59.0
3232014,1,11,3,6024,2014-12-21 03:25:48,59.0
3232014,1,11,3,6025,2014-12-21 03:25:51,59.0
3232014,1,11,3,6026,2014-12-21 03:25:54,59.0
3232014,1,11,3,6027,2014-12-21 03:25:57,58.4
3232014,1,11,3,6028,2014-12-21 03:26:00,57.8
3232014,1,11,3,6029,2014-12-21 03:26:03,57.2
3232014,1,11,3,6030,2014-12-21 03:26:06,56.5
3232014,1,11,3,6031,2014-12-21 03:26:09,54.7
3232014,1,11,3,6032,2014-12-21 03:26:12,55.3
3232014,1,11,3,6033,2014-12-21 03:26:15,54.7
3232014,1,11,3,6034,2014-12-21 03:26:18,54.1
3232014,1,11,3,6035,2014-12-21 03:26:21,54.1
3232014,1,11,3,6036,2014-12-21 03:26:24,53.4
3232014,1,11,3,6037,2014-12-21 03:26:27,54.1
3232014,1,11,3,6038,2014-12-21 03:26:30,54.7
3232014,1,11,3,6039,2014-12-21 03:26:33,55.3
3232014,1,11,3,6040,2014-12-21 03:26:36,55.3
3232014,1,11,3,6041,2014-12-21 03:26:39,55.9
3232014,1,11,3,6042,2014-12-21 03:26:42,56.5
3232014,1,11,3,6043,2014-12-21 03:26:45,55.9
3232014,1,11,3,6044,2014-12-21 03:26:48,56.5
3232014,1,11,3,6045,2014-12-21 03:26:51,55.9
3232014,1,11,3,6046,2014-12-21 03:26:54,55.9
3232014,1,11,3,6047,2014-12-21 03:26:57,55.9
3232014,1,11,3,6048,2014-12-21 03:27:00,55.9
3232014,1,11,3,6049,2014-12-21 03:27:03,55.9
3232014,1,11,3,6050,2014-12-21 03:27:06,55.9
3232014,1,11,3,6051,2014-12-21 03:27:09,55.9
3232014,1,11,3,6052,2014-12-21 03:27:12,56.5
3232014,1,11,3,6053,2014-12-21 03:27:15,55.9
3232014,1,11,3,6054,2014-12-21 03:27:18,55.9
3232014,1,11,3,6055,2014-12-21 03:27:21,56.5
3232014,1,11,3,6056,2014-12-21 03:27:24,57.8
3232014,1,11,3,6057,2014-12-21 03:27:27,56.5
3232014,1,11,3,6058,2014-12-21 03:27:30,56.5
3232014,1,11,3,6059,2014-12-21 03:27:33,56.5
3232014,1,11,3,6060,2014-12-21 03:27:36,56.5
3232014,1,11,3,6061,2014-12-21 03:27:39,55.9
3232014,1,11,3,6062,2014-12-21 03:27:42,51.6
3232014,1,11,3,6063,2014-12-21 03:27:45,47.2
3232014,1,11,3,6064,2014-12-21 03:27:48,44.7
3232014,1,11,3,6065,2014-12-21 03:27:51,44.1
3232014,1,11,3,6066,2014-12-21 03:27:54,42.9
3232014,1,11,3,6067,2014-12-21 03:27:57,39.8
3232014,1,11,3,6068,2014-12-21 03:28:00,36.0
3232014,1,11,3,6069,2014-12-21 03:28:03,34.8
3232014,1,11,3,6070,2014-12-21 03:28:06,32.9
3232014,1,11,3,6071,2014-12-21 03:28:09,24.2
3232014,1,11,3,6072,2014-12-21 03:28:12,18.0
3232014,1,11,3,6073,2014-12-21 03:28:15,24.2
3232014,1,11,3,6074,2014-12-21 03:28:18,29.8
3232014,1,11,3,6075,2014-12-21 03:28:21,32.3
3232014,1,11,3,6076,2014-12-21 03:28:24,32.9
3232014,1,11,3,6077,2014-12-21 03:28:27,32.9
3232014,1,11,3,6078,2014-12-21 03:28:30,26.1
3232014,1,11,3,6079,2014-12-21 03:28:33,14.3
3232014,1,11,3,6080,2014-12-21 03:28:36,17.4
3232014,1,11,3,6081,2014-12-21 03:28:39,28.0
3232014,1,11,3,6082,2014-12-21 03:28:42,33.6
3232014,1,11,3,6083,2014-12-21 03:28:45,34.2
3232014,1,11,3,6084,2014-12-21 03:28:48,34.8
3232014,1,11,3,6085,2014-12-21 03:28:51,34.2
3232014,1,11,3,6086,2014-12-21 03:28:54,33.6
3232014,1,11,3,6087,2014-12-21 03:28:57,32.3
3232014,1,11,3,6088,2014-12-21 03:29:00,31.1
3232014,1,11,3,6089,2014-12-21 03:29:03,24.9
3232014,1,11,3,6090,2014-12-21 03:29:06,13.7
3232014,1,11,3,6091,2014-12-21 03:29:09,19.3
3232014,1,11,3,6092,2014-12-21 03:29:12,28.0
3232014,1,11,3,6093,2014-12-21 03:29:15,32.3
3232014,1,11,3,6094,2014-12-21 03:29:18,32.9
3232014,1,11,3,6095,2014-12-21 03:29:21,30.4
3232014,1,11,3,6096,2014-12-21 03:29:24,21.7
3232014,1,11,3,6097,2014-12-21 03:29:27,11.2
3232014,1,11,3,6098,2014-12-21 03:29:30,14.3
3232014,1,11,3,6099,2014-12-21 03:29:33,19.3
3232014,1,11,3,6100,2014-12-21 03:29:36,21.7
3232014,1,11,3,6101,2014-12-21 03:29:39,18.0
3232014,1,11,3,6102,2014-12-21 03:29:42,13.7
3232014,1,11,3,6103,2014-12-21 03:29:45,13.0
3232014,1,11,3,6104,2014-12-21 03:29:48,14.9
3232014,1,11,3,6105,2014-12-21 03:29:51,9.9
3232014,1,11,3,6106,2014-12-21 03:29:54,7.5
3232014,1,11,3,6107,2014-12-21 03:29:57,10.6
3232014,1,11,3,6108,2014-12-21 03:30:00,8.1
3232014,1,11,3,6109,2014-12-21 03:30:03,5.6
