1.0,1.62727272727,1.9,0.7,0.0,0.0,-0.433333333333,0.433333333333,1.2,1.2,1.2,1.9,1.9,2.5,-0.233333333333,-0.233333333333,0.0,0.0,0.233333333333,0.233333333333
1.0,1.61625207297,1.9,0.7,0.0,0.0,-0.633333333333,0.633333333333,1.2,1.2,1.2,1.9,1.9,2.5,-0.433333333333,-0.233333333333,0.0,0.0,0.233333333333,0.433333333333
1.0,1.88372093023,1.9,1.3,0.00136452241715,0.0,-0.433333333333,0.433333333333,1.2,1.2,1.2,2.5,2.5,3.1,-0.433333333333,-0.233333333333,-0.183333333333,0.183333333333,0.233333333333,0.433333333333
6.0,13.0772727273,13.7,12.4,-0.000968188105118,0.0,-2.9,3.1,1.2,1.9,6.2,18.6,24.2,27.054,-2.24666666667,-1.23333333333,-0.233333333333,0.233333333333,1.23333333333,2.46666666667
3.0,43.6697412823,45.4,29.2,-0.00129431626337,0.0,-5.8,4.76666666667,1.9,20.5,28.6,57.8,67.7,75.8,-2.748,-0.633333333333,-0.2,0.233333333333,0.633333333333,2.748
1.0,1.66927083333,1.9,0.7,-0.0022687609075,0.0,-0.633333333333,0.633333333333,1.2,1.2,1.2,1.9,1.9,3.1,-0.433333333333,-0.233333333333,0.0,0.0,0.233333333333,0.453333333333
3.0,30.3290055249,30.4,31.55,0.00175438596491,0.0,-5.4,8.06666666667,1.2,5.6,14.45,46.0,51.6,60.3,-4.10666666667,-2.26666666667,-1.03333333333,0.833333333333,2.46666666667,4.92666666667
1.0,1.51877133106,1.2,0.7,0.0,0.0,-0.266666666667,0.233333333333,1.2,1.2,1.2,1.9,1.9,1.9,-0.233333333333,-0.233333333333,0.0,0.0,0.233333333333,0.233333333333
1.0,1.8524137931,1.9,0.7,-0.00138408304498,0.0,-0.633333333333,0.833333333333,1.2,1.2,1.2,1.9,2.5,3.1,-0.433333333333,-0.233333333333,-0.2,0.2,0.233333333333,0.433333333333
3.0,32.4870748299,36.0,29.2,0.00296803652968,0.0,-4.76666666667,5.2,1.2,7.58,18.0,47.2,51.84,58.124,-4.36666666667,-2.25,-0.833333333333,0.633333333333,2.38333333333,4.80666666667
3.0,16.630952381,12.7,18.45,0.00569105691057,0.0,-7.46666666667,5.56666666667,1.2,2.5,8.7,27.15,32.18,42.9,-5.96,-2.66666666667,-1.86666666667,1.43333333333,3.13333333333,5.24666666667
3.0,16.0581395349,13.0,14.6,0.0190476190476,-0.316666666667,-5.36666666667,5.2,1.494,3.34,8.1,22.7,36.08,40.496,-4.779,-2.65666666667,-1.25833333333,1.43333333333,3.28333333333,5.02233333333
3.0,25.2388349515,25.8,25.8,-0.00308943089431,0.0,-6.0,5.6,1.2,5.3,11.35,37.15,44.4,49.67,-4.75866666667,-2.7,-1.43333333333,1.63333333333,2.7,4.16533333333
3.0,32.4252840909,35.7,22.625,-2.49088499115e-17,0.0,-5.4,4.76666666667,1.557,9.36,21.475,44.1,50.3,55.3,-4.66666666667,-2.7,-0.833333333333,0.833333333333,2.7,4.43333333333
3.0,34.8240223464,35.4,24.9,0.00243445692884,0.0,-5.8,4.56666666667,1.2,8.7,20.5,45.4,63.16,73.586,-4.17933333333,-2.26666666667,-0.833333333333,0.633333333333,2.3,4.141
3.0,31.5322580645,28.3,34.8,4.08081976619e-17,0.0,-6.0,5.4,1.2,7.8,14.9,49.7,57.5,69.09,-5.204,-2.60666666667,-0.6,0.833333333333,2.4,4.26266666667
3.0,33.4287671233,37.3,23.0,-0.000641025641026,0.0,-5.16666666667,5.8,1.9,11.2,23.0,46.0,48.5,51.6,-4.34566666667,-2.29,-0.633333333333,0.6,2.41666666667,5.16666666667
3.0,33.4348973607,37.3,26.1,-0.00186274509804,0.0,-4.76666666667,5.2,1.2,9.9,20.5,46.6,49.7,52.2,-4.55366666667,-2.7,-0.808333333333,0.6,2.7,4.96666666667
3.0,31.6715736041,31.1,23.6,0.00221088435374,0.0,-4.13333333333,4.16666666667,1.2,9.06,18.0,41.6,62.86,69.6,-3.74333333333,-1.86666666667,-0.808333333333,0.633333333333,2.06666666667,3.755
3.0,16.4063829787,17.4,17.1,-1.93082265152e-17,0.2,-5.16666666667,3.73333333333,1.2,1.9,7.45,24.55,32.54,35.124,-4.52166666667,-2.7,-0.983333333333,1.03333333333,2.36666666667,3.53833333333
3.0,14.3490566038,13.0,13.6,-0.0205128205128,0.0,-3.13333333333,3.3,2.212,4.3,8.1,21.7,24.2,26.988,-3.11633333333,-1.86666666667,-0.833333333333,0.633333333333,1.62666666667,3.215
3.0,29.3079439252,28.0,29.8,0.00093896713615,0.0,-4.96666666667,5.36666666667,1.9,5.6,14.3,44.1,51.42,60.822,-4.10933333333,-2.43333333333,-0.833333333333,0.633333333333,2.49333333333,4.56266666667
3.0,31.541160221,33.6,22.25,0.000646352723915,0.0,-5.36666666667,5.6,1.2,10.6,21.25,43.5,47.74,51.834,-4.29333333333,-2.06666666667,-0.633333333333,0.633333333333,2.3,4.56666666667
3.0,60.8668381933,69.6,17.4,0.00118230358505,0.0,-6.0,5.2,1.9,23.48,57.2,74.6,77.0,79.864,-3.42166666667,-0.6,-0.2,0.2,0.6,3.1
3.0,26.0867032967,26.1,25.5,-0.0004767143381,0.0,-6.63333333333,5.6,1.2,4.3,11.2,36.7,44.7,70.092,-3.73333333333,-1.46666666667,-0.433333333333,0.6,1.3,4.164
3.0,32.5112765957,31.1,26.8,-2.22518047579e-17,0.0,-4.56666666667,5.6,1.2,5.54,15.5,42.3,65.9,69.279,-3.73333333333,-1.86666666667,-0.433333333333,0.433333333333,1.86666666667,3.93333333333
3.0,43.6697412823,45.4,29.2,-0.00129431626337,0.0,-5.8,4.76666666667,1.9,20.5,28.6,57.8,67.7,75.8,-2.748,-0.633333333333,-0.2,0.233333333333,0.633333333333,2.748
1.0,63.6792202228,71.5,9.9,-0.000100014287755,0.0,-6.23333333333,6.0,1.9,37.9,63.4,73.3,75.2,76.802,-2.68933333333,-0.4,0.0,0.0,0.4,2.7
3.0,30.3290055249,30.4,31.55,0.00175438596491,0.0,-5.4,8.06666666667,1.2,5.6,14.45,46.0,51.6,60.3,-4.10666666667,-2.26666666667,-1.03333333333,0.833333333333,2.46666666667,4.92666666667
1.0,2.26711409396,2.5,0.6,0.0,0.0,-0.633333333333,0.5,1.2,1.9,1.9,2.5,2.5,3.1,-0.306666666667,-0.2,0.0,0.0,0.2,0.4
1.0,2.17107061503,2.5,0.6,-0.000532724505327,0.0,-0.633333333333,0.433333333333,1.2,1.9,1.9,2.5,2.5,3.1,-0.4,-0.2,0.0,0.0,0.2,0.433333333333
3.0,28.2248995984,34.2,31.1,-0.00174731182796,0.0,-3.73333333333,4.36666666667,1.2,4.3,11.2,42.3,45.52,47.8,-3.73333333333,-1.86666666667,-0.608333333333,0.6,1.84333333333,4.03933333333
1.0,1.55365853659,1.2,0.7,0.00288065843621,0.0,-0.433333333333,0.233333333333,1.2,1.2,1.2,1.9,1.9,2.5,-0.433333333333,-0.233333333333,0.0,0.0,0.233333333333,0.233333333333
1.0,2.03156779661,1.9,0.6,0.000424628450106,0.0,-0.633333333333,0.633333333333,1.2,1.2,1.9,2.5,2.5,3.1,-0.433333333333,-0.2,-0.116666666667,0.116666666667,0.2,0.433333333333
1.0,2.11400437637,1.9,0.6,0.0,0.0,-0.633333333333,0.433333333333,1.2,1.2,1.9,2.5,2.5,3.1,-0.233333333333,-0.2,0.0,0.0,0.2,0.433333333333
6.0,17.3160447761,18.0,23.0,7.48464960421e-18,0.0,-5.16666666667,3.3,1.2,1.2,5.6,28.6,32.9,36.0,-2.836,-1.23333333333,-0.416666666667,0.433333333333,1.24666666667,2.7
1.0,1.79834710744,1.9,1.3,0.0,0.0,-0.633333333333,0.433333333333,1.2,1.2,1.2,2.5,2.5,3.1,-0.595333333333,-0.233333333333,-0.2,0.2,0.233333333333,0.433333333333
3.0,29.4329166667,35.1,24.95,-0.00181311018131,0.0,-4.96666666667,4.96666666667,1.2,8.1,16.2,41.15,44.1,46.6,-4.05733333333,-1.64,-0.433333333333,0.416666666667,1.5,3.73333333333
3.0,34.952023988,34.2,37.0,0.0019019019019,0.0,-4.76666666667,4.83333333333,1.2,6.2,18.0,55.0,64.6,69.0,-3.59166666667,-1.46666666667,-0.433333333333,0.433333333333,1.66666666667,4.145
3.0,26.0867032967,26.1,25.5,-0.0004767143381,0.0,-6.63333333333,5.6,1.2,4.3,11.2,36.7,44.7,70.092,-3.73333333333,-1.46666666667,-0.433333333333,0.6,1.3,4.164
3.0,32.5112765957,31.1,26.8,-2.22518047579e-17,0.0,-4.56666666667,5.6,1.2,5.54,15.5,42.3,65.9,69.279,-3.73333333333,-1.86666666667,-0.433333333333,0.433333333333,1.86666666667,3.93333333333
3.0,57.4783638321,68.4,21.8,1.1485065772e-17,0.0,-3.93333333333,13.0666666667,2.068,25.98,47.8,69.6,70.2,77.336,-2.846,-0.833333333333,-0.4,0.233333333333,0.8,2.9
4.0,43.960625,50.3,16.8,-0.000487125956855,0.0,-4.53333333333,3.93333333333,1.2,14.3,38.5,55.3,57.8,61.773,-2.544,-0.633333333333,-0.233333333333,0.4,0.8,2.274
4.0,42.5621666667,49.7,24.9,-0.0318308291597,0.0,-6.0,4.76666666667,1.2,6.8,30.4,55.3,60.9,66.506,-3.34066666667,-0.833333333333,-0.4,0.4,0.633333333333,3.30066666667
3.0,62.1504826255,72.1,15.5,2.68169812711e-18,0.0,-3.73333333333,4.13333333333,2.5,28.9,58.4,73.9,75.2,75.8,-2.11066666667,-0.433333333333,-0.2,0.2,0.433333333333,2.21
3.0,39.1990825688,43.5,41.7,0.00145593869732,0.0,-5.4,4.96666666667,1.445,8.1,18.0,59.7,62.45,64.0,-3.53333333333,-1.03333333333,-0.433333333333,0.433333333333,1.23333333333,2.9
1.0,2.72195121951,2.5,0.6,0.005,0.0,-1.46666666667,1.86666666667,1.2,1.2,1.9,2.5,4.3,9.3,-1.12866666667,-0.233333333333,-0.2,0.0,0.256666666667,1.46366666667
3.0,41.2512987013,52.2,27.85,-0.0385620915033,0.0,-6.83333333333,3.73333333333,1.571,10.11,26.85,54.7,55.3,59.0,-5.584,-1.03333333333,-0.2,0.2,1.46666666667,3.612
3.0,65.6491080797,73.9,10.6,0.000455182072829,0.0,-5.8,12.6333333333,4.012,39.8,64.6,75.2,75.2,75.8,-1.74766666667,-0.4,-0.2,0.2,0.233333333333,2.16466666667
3.0,48.4903790087,54.1,6.8,0.00116959064327,0.0,-2.5,1.86666666667,3.952,29.32,48.5,55.3,55.3,55.9,-1.365,-0.4,-0.2,0.2,0.4,1.43333333333
3.0,66.9167050691,76.4,11.95,-0.00584390618993,0.0,-2.7,5.6,9.3,38.5,64.45,76.4,77.0,77.7,-1.44466666667,-0.4,-0.2,0.2,0.4,1.46666666667
3.0,47.3264957265,52.8,1.2,-0.000571428571429,0.0,-2.9,2.7,1.55,29.8,52.2,53.4,54.1,55.3,-1.25033333333,-0.433333333333,-0.2,0.2,0.433333333333,1.65033333333
3.0,46.4280701754,50.3,20.5,-0.135398230088,0.0,-4.56666666667,2.46666666667,3.778,31.1,34.8,55.3,59.7,64.522,-2.06666666667,-0.833333333333,-0.233333333333,0.2,0.426666666667,1.59466666667
3.0,68.0970021413,79.5,24.2,0.00042872454448,0.0,-3.53333333333,4.33333333333,3.1,31.1,55.3,79.5,80.2,80.2,-2.76133333333,-0.233333333333,0.0,0.2,0.233333333333,2.06666666667
3.0,35.8920930233,34.8,44.8,-0.00576323987539,0.0,-5.6,5.4,1.2,5.6,12.4,57.2,62.8,65.9,-5.09166666667,-1.25666666667,-0.6,0.633333333333,1.45666666667,2.9
3.0,57.4783638321,68.4,21.8,1.1485065772e-17,0.0,-3.93333333333,13.0666666667,2.068,25.98,47.8,69.6,70.2,77.336,-2.846,-0.833333333333,-0.4,0.233333333333,0.8,2.9
3.0,43.960625,50.3,16.8,-0.000487125956855,0.0,-4.53333333333,3.93333333333,1.2,14.3,38.5,55.3,57.8,61.773,-2.544,-0.633333333333,-0.233333333333,0.4,0.8,2.274
3.0,42.5621666667,49.7,24.9,-0.0318308291597,0.0,-6.0,4.76666666667,1.2,6.8,30.4,55.3,60.9,66.506,-3.34066666667,-0.833333333333,-0.4,0.4,0.633333333333,3.30066666667
3.0,62.1504826255,72.1,15.5,2.68169812711e-18,0.0,-3.73333333333,4.13333333333,2.5,28.9,58.4,73.9,75.2,75.8,-2.11066666667,-0.433333333333,-0.2,0.2,0.433333333333,2.21
3.0,39.1990825688,43.5,41.7,0.00145593869732,0.0,-5.4,4.96666666667,1.445,8.1,18.0,59.7,62.45,64.0,-3.53333333333,-1.03333333333,-0.433333333333,0.433333333333,1.23333333333,2.9
3.0,2.72195121951,2.5,0.6,0.005,0.0,-1.46666666667,1.86666666667,1.2,1.2,1.9,2.5,4.3,9.3,-1.12866666667,-0.233333333333,-0.2,0.0,0.256666666667,1.46366666667
3.0,30.0945169713,30.4,32.9,-0.00488656195462,0.0,-4.16666666667,4.33333333333,1.2,5.72,14.0,46.9,57.2,62.226,-3.403,-1.66666666667,-0.433333333333,0.6,1.61333333333,3.365
3.0,24.0630434783,27.35,29.35,-0.0025641025641,0.0,-3.93333333333,5.8,1.2,1.96,9.3,38.65,41.6,42.354,-3.93333333333,-2.26666666667,-0.733333333333,0.633333333333,1.86666666667,4.87
3.0,15.0186440678,9.9,17.75,0.014367816092,0.0,-4.53333333333,4.13333333333,1.2,2.5,6.8,24.55,34.8,37.804,-3.62133333333,-1.86666666667,-0.633333333333,0.833333333333,1.78666666667,3.54433333333
3.0,9.335,9.3,7.125,0.00512820512821,-0.2,-2.9,3.96666666667,1.2,1.9,5.275,12.4,16.32,24.627,-2.748,-1.56,-0.733333333333,0.533333333333,1.66666666667,3.726
3.0,21.0325,22.05,26.85,-2.52962208142e-17,0.0,-4.33333333333,4.96666666667,1.2,2.44,7.5,34.35,36.07,37.3,-4.02133333333,-1.70666666667,-0.533333333333,0.433333333333,1.54666666667,4.62866666667
3.0,39.4972891566,44.1,39.2,-0.00543806646526,0.0,-5.8,5.16666666667,1.2,9.3,18.6,57.8,66.44,70.2,-3.73333333333,-1.86666666667,-0.633333333333,0.633333333333,1.86666666667,4.01333333333
1.0,41.2039748954,41.65,32.4,0.00216631726066,0.0,-4.36666666667,11.3666666667,1.2,13.49,27.3,59.7,64.6,69.0,-3.82933333333,-1.23333333333,-0.4,0.433333333333,1.23333333333,3.556
1.0,28.2335664336,38.5,45.3,0.00305164319249,0.0,-5.16666666667,11.3666666667,1.2,1.9,2.5,47.8,51.0,52.8,-3.85133333333,-0.813333333333,-0.233333333333,0.233333333333,0.833333333333,4.09333333333
1.0,44.6966292135,51.3,41.3,0.00525821596244,0.0,-4.96666666667,4.13333333333,1.2,7.15,23.9,65.2,69.0,72.97,-4.33333333333,-1.65333333333,-0.433333333333,0.6,1.66666666667,3.82533333333
1.0,35.2409836066,34.2,29.2,-0.000889801505818,0.0,-5.8,4.13333333333,1.2,11.2,20.5,49.7,60.3,71.5,-3.56133333333,-1.33333333333,-0.633333333333,0.633333333333,1.26666666667,3.53266666667
3.0,32.3256684492,38.5,43.5,-0.00555555555556,0.0,-6.83333333333,5.2,1.2,3.7,9.3,52.8,57.8,59.784,-5.38666666667,-2.3,-0.633333333333,0.833333333333,2.25,4.76666666667
3.0,34.0908730159,29.5,37.45,0.00411686586985,0.0,-6.43333333333,5.8,1.2,5.06,15.35,52.8,70.8,72.7,-4.66666666667,-2.46666666667,-1.15,1.03333333333,2.26666666667,4.55
3.0,39.8344621514,38.2,47.8,-0.00166333998669,0.0,-5.16666666667,5.16666666667,1.2,6.8,19.3,67.1,70.2,72.7,-4.53333333333,-1.63333333333,-0.6,0.433333333333,1.66666666667,3.93333333333
3.0,21.8914893617,21.7,25.5,0.00166666666667,0.2,-4.13333333333,4.13333333333,1.2,2.5,8.7,34.2,41.0,44.46,-3.93666666667,-2.72,-0.733333333333,0.833333333333,2.47,3.96433333333
3.0,39.2155009452,38.5,50.3,3.17506963482e-17,0.0,-7.26666666667,5.56666666667,1.2,3.7,14.9,65.2,69.6,75.464,-4.35766666667,-1.86666666667,-0.633333333333,0.633333333333,1.86666666667,3.87933333333
3.0,31.1840336134,29.8,27.4,0.00098452883263,0.0,-6.23333333333,4.76666666667,1.2,5.21,15.5,42.9,64.6,71.878,-4.18933333333,-1.86666666667,-0.633333333333,0.933333333333,2.06666666667,3.66133333333
3.0,36.5519569472,31.1,49.55,-0.00101207966046,0.0,-5.2,4.76666666667,1.2,5.6,14.3,63.85,69.6,75.8,-3.89333333333,-1.63333333333,-0.6,0.6,1.66666666667,3.73333333333
1.0,34.3529058116,30.4,60.6,0.000803212851406,0.0,-4.76666666667,4.33333333333,1.9,2.5,3.1,63.7,67.7,71.512,-3.307,-0.833333333333,-0.2,0.233333333333,0.8,3.37066666667
1.0,20.5537356322,3.1,31.0,-0.000576368876081,0.0,-3.53333333333,4.13333333333,1.2,1.2,1.9,32.9,66.68,71.5,-3.3,-1.03333333333,-0.233333333333,0.233333333333,0.833333333333,3.208
3.0,53.2696601942,64.6,31.25,-1.79634625639e-17,0.0,-4.76666666667,3.33333333333,3.375,16.8,35.25,66.5,69.0,71.5,-3.08,-0.633333333333,-0.2,0.2,0.833333333333,2.86
3.0,39.4648275862,48.5,29.2,-0.00162037037037,0.0,-6.83333333333,5.2,1.2,8.1,24.9,54.1,57.8,60.3,-5.74666666667,-2.64,-0.633333333333,0.833333333333,2.43,4.88066666667
3.0,34.952023988,34.2,37.0,0.0019019019019,0.0,-4.76666666667,4.83333333333,1.2,6.2,18.0,55.0,64.6,69.0,-3.59166666667,-1.46666666667,-0.433333333333,0.433333333333,1.66666666667,4.145
3.0,38.4129213483,32.3,49.525,0.000188323917138,0.0,-3.73333333333,4.13333333333,1.2,8.7,16.2,65.725,69.6,72.238,-3.33333333333,-2.06666666667,-0.633333333333,0.633333333333,1.63333333333,3.78133333333
3.0,39.4972891566,44.1,39.2,-0.00543806646526,0.0,-5.8,5.16666666667,1.2,9.3,18.6,57.8,66.44,70.2,-3.73333333333,-1.86666666667,-0.633333333333,0.633333333333,1.86666666667,4.01333333333
3.0,40.9058139535,42.9,44.85,4.95230678623e-17,0.0,-3.93333333333,4.36666666667,1.2,4.51,19.9,64.75,70.2,73.642,-3.33333333333,-1.86666666667,-0.633333333333,0.633333333333,1.66,3.86866666667
3.0,41.2039748954,41.65,32.4,0.00216631726066,0.0,-4.36666666667,11.3666666667,1.2,13.49,27.3,59.7,64.6,69.0,-3.82933333333,-1.23333333333,-0.4,0.433333333333,1.23333333333,3.556
3.0,28.2335664336,38.5,45.3,0.00305164319249,0.0,-5.16666666667,11.3666666667,1.2,1.9,2.5,47.8,51.0,52.8,-3.85133333333,-0.813333333333,-0.233333333333,0.233333333333,0.833333333333,4.09333333333
3.0,44.6966292135,51.3,41.3,0.00525821596244,0.0,-4.96666666667,4.13333333333,1.2,7.15,23.9,65.2,69.0,72.97,-4.33333333333,-1.65333333333,-0.433333333333,0.6,1.66666666667,3.82533333333
3.0,19.4274509804,13.7,30.5,2.88511904426e-17,0.0,-4.33333333333,12.3333333333,1.2,1.9,4.3,34.8,40.4,45.036,-4.12933333333,-1.66666666667,-0.675,0.808333333333,1.81666666667,3.71233333333
3.0,35.2409836066,34.2,29.2,-0.000889801505818,0.0,-5.8,4.13333333333,1.2,11.2,20.5,49.7,60.3,71.5,-3.56133333333,-1.33333333333,-0.633333333333,0.633333333333,1.26666666667,3.53266666667
3.0,32.3256684492,38.5,43.5,-0.00555555555556,0.0,-6.83333333333,5.2,1.2,3.7,9.3,52.8,57.8,59.784,-5.38666666667,-2.3,-0.633333333333,0.833333333333,2.25,4.76666666667
3.0,34.0908730159,29.5,37.45,0.00411686586985,0.0,-6.43333333333,5.8,1.2,5.06,15.35,52.8,70.8,72.7,-4.66666666667,-2.46666666667,-1.15,1.03333333333,2.26666666667,4.55
3.0,39.8344621514,38.2,47.8,-0.00166333998669,0.0,-5.16666666667,5.16666666667,1.2,6.8,19.3,67.1,70.2,72.7,-4.53333333333,-1.63333333333,-0.6,0.433333333333,1.66666666667,3.93333333333
3.0,21.8914893617,21.7,25.5,0.00166666666667,0.2,-4.13333333333,4.13333333333,1.2,2.5,8.7,34.2,41.0,44.46,-3.93666666667,-2.72,-0.733333333333,0.833333333333,2.47,3.96433333333
3.0,39.2155009452,38.5,50.3,3.17506963482e-17,0.0,-7.26666666667,5.56666666667,1.2,3.7,14.9,65.2,69.6,75.464,-4.35766666667,-1.86666666667,-0.633333333333,0.633333333333,1.86666666667,3.87933333333
3.0,31.1840336134,29.8,27.4,0.00098452883263,0.0,-6.23333333333,4.76666666667,1.2,5.21,15.5,42.9,64.6,71.878,-4.18933333333,-1.86666666667,-0.633333333333,0.933333333333,2.06666666667,3.66133333333
3.0,36.5519569472,31.1,49.55,-0.00101207966046,0.0,-5.2,4.76666666667,1.2,5.6,14.3,63.85,69.6,75.8,-3.89333333333,-1.63333333333,-0.6,0.6,1.66666666667,3.73333333333
3.0,22.4577651515,19.9,24.9,1.68375055867e-18,0.0,-12.0333333333,6.23333333333,1.2,2.5,8.7,33.6,42.9,68.67,-4.24333333333,-1.85333333333,-0.633333333333,0.8,1.66666666667,4.24333333333
3.0,20.5537356322,3.1,31.0,-0.000576368876081,0.0,-3.53333333333,4.13333333333,1.2,1.2,1.9,32.9,66.68,71.5,-3.3,-1.03333333333,-0.233333333333,0.233333333333,0.833333333333,3.208
4.0,21.6304166667,20.8,26.7,-2.60135938824e-17,0.0,-7.66666666667,8.9,1.2,2.5,8.1,34.8,39.8,43.632,-3.45733333333,-1.86666666667,-0.633333333333,0.6,1.5,3.224
4.0,25.8481707317,34.8,34.8,6.33440130614e-17,0.0,-16.3666666667,7.03333333333,1.2,2.5,6.2,41.0,46.0,52.2,-11.8886666667,-1.26,-0.433333333333,0.633333333333,1.46,6.028
3.0,30.6922413793,35.4,24.3,0.0044733044733,0.0,-5.8,5.8,1.2,8.1,18.0,42.3,45.4,49.1,-4.76666666667,-1.66666666667,-0.633333333333,0.633333333333,1.63333333333,4.23666666667
3.0,23.4435897436,20.5,28.3,-0.00120274914089,0.0,-4.96666666667,4.76666666667,1.2,2.74,9.3,37.6,44.46,56.542,-4.34966666667,-2.41666666667,-1.03333333333,0.883333333333,2.40666666667,3.93333333333
3.0,17.7,14.9,22.3,-0.00601851851852,0.0,-4.96666666667,4.96666666667,1.2,2.5,8.1,30.4,34.08,36.364,-3.949,-2.04666666667,-0.883333333333,1.03333333333,1.86666666667,3.49933333333
3.0,7.23571428571,7.5,5.25,0.016049382716,0.0,-2.5,1.86666666667,1.389,2.5,4.825,10.075,11.2,11.8,-2.448,-1.15333333333,-0.216666666667,0.733333333333,1.14666666667,1.754
1.0,8.04528301887,2.5,15.0,0.00833333333333,0.0,-3.53333333333,3.96666666667,1.2,1.2,1.2,16.2,20.26,23.288,-2.90433333333,-1.21333333333,-0.408333333333,0.233333333333,1.41666666667,2.99766666667
1.0,2.15882352941,1.9,0.6,-0.00172839506173,0.0,-0.6,0.433333333333,1.2,1.2,1.9,2.5,3.1,3.7,-0.433333333333,-0.233333333333,-0.2,0.2,0.233333333333,0.422
3.0,7.20357142857,7.5,3.55,8.22387425648e-18,0.2,-3.53333333333,1.63333333333,1.2,1.2,5.45,9.0,12.4,13.949,-3.152,-1.50666666667,-0.733333333333,0.833333333333,1.46666666667,1.59
3.0,42.4447204969,44.7,35.1,-0.0269989615784,0.0,-5.16666666667,4.56666666667,1.9,8.76,25.65,60.75,68.4,73.3,-3.69333333333,-1.86666666667,-0.433333333333,0.433333333333,1.66666666667,4.16
3.0,30.6340425532,33.6,28.5,0.00738095238095,0.2,-4.56666666667,4.56666666667,2.5,8.1,16.2,44.7,49.1,53.16,-4.26833333333,-2.52,-1.03333333333,1.03333333333,2.7,4.05533333333
3.0,38.2949275362,42.9,31.875,-4.037174635e-18,0.0,-5.4,5.8,1.725,8.4,22.225,54.1,58.4,64.475,-4.142,-2.06666666667,-0.633333333333,0.716666666667,1.86666666667,3.98533333333
1.0,1.88615384615,1.9,1.3,0.0,0.0,-0.633333333333,0.233333333333,1.2,1.2,1.2,2.5,2.5,2.926,-0.377333333333,-0.233333333333,0.0,0.0,0.233333333333,0.233333333333
3.0,21.6304166667,20.8,26.7,-2.60135938824e-17,0.0,-7.66666666667,8.9,1.2,2.5,8.1,34.8,39.8,43.632,-3.45733333333,-1.86666666667,-0.633333333333,0.6,1.5,3.224
3.0,25.8481707317,34.8,34.8,6.33440130614e-17,0.0,-16.3666666667,7.03333333333,1.2,2.5,6.2,41.0,46.0,52.2,-11.8886666667,-1.26,-0.433333333333,0.633333333333,1.46,6.028
3.0,33.0006644518,39.8,28.6,0.00211111111111,0.0,-13.8666666667,15.3333333333,1.2,3.1,17.4,46.0,48.5,67.7,-4.36866666667,-1.28666666667,-0.4,0.4,1.11333333333,3.50233333333
3.0,35.3335260116,32.9,46.6,0.0,0.0,-4.53333333333,4.13333333333,1.2,3.1,14.9,61.5,66.5,72.1,-3.75733333333,-1.26666666667,-0.633333333333,0.633333333333,1.43333333333,3.31866666667
3.0,17.7,14.9,22.3,-0.00601851851852,0.0,-4.96666666667,4.96666666667,1.2,2.5,8.1,30.4,34.08,36.364,-3.949,-2.04666666667,-0.883333333333,1.03333333333,1.86666666667,3.49933333333
3.0,20.9310218978,17.7,28.45,0.0046398046398,0.0,-4.76666666667,4.33333333333,1.2,2.08,6.8,35.25,41.42,44.7,-4.18933333333,-1.82666666667,-0.633333333333,0.833333333333,1.66666666667,3.78933333333
3.0,8.04528301887,2.5,15.0,0.00833333333333,0.0,-3.53333333333,3.96666666667,1.2,1.2,1.2,16.2,20.26,23.288,-2.90433333333,-1.21333333333,-0.408333333333,0.233333333333,1.41666666667,2.99766666667
3.0,37.4766025641,38.5,33.825,0.00396570203644,0.0,-5.16666666667,4.96666666667,1.2,7.5,22.225,56.05,61.5,64.0,-4.08,-1.46666666667,-0.433333333333,0.433333333333,1.43333333333,3.66
3.0,26.4636363636,26.7,25.5,0.00166666666667,0.0,-3.73333333333,4.56666666667,1.34,6.2,13.0,38.5,48.5,51.0,-3.46833333333,-2.06666666667,-1.23333333333,0.833333333333,2.40666666667,4.40833333333
3.0,29.4596330275,33.6,24.2,0.0404320987654,0.0,-8.9,3.73333333333,1.256,7.98,16.2,40.4,51.72,55.3,-3.503,-1.46666666667,-0.633333333333,0.833333333333,1.71666666667,3.393
3.0,22.71875,23.6,21.425,-0.0130536130536,0.0,-4.33333333333,3.73333333333,1.2,5.6,11.8,33.225,38.5,42.642,-3.64933333333,-2.06666666667,-0.833333333333,1.03333333333,1.86666666667,3.56533333333
3.0,17.5697674419,14.6,22.1,0.00274509803922,-0.2,-3.93333333333,4.53333333333,1.2,2.5,6.8,28.9,38.2,42.39,-3.76533333333,-1.78666666667,-1.03333333333,1.03333333333,2.06666666667,3.69333333333
3.0,16.7068627451,13.7,15.725,-9.34346109833e-18,-0.2,-2.9,3.5,1.906,5.06,9.45,25.175,31.1,37.294,-2.46666666667,-1.46666666667,-1.03333333333,1.03333333333,1.66666666667,3.33333333333
3.0,38.3684033613,39.1,26.4,-0.000392817059484,0.0,-6.2,4.56666666667,1.2,9.9,22.4,48.8,69.6,73.942,-3.3,-1.03333333333,-0.433333333333,0.4,1.03333333333,3.73333333333
3.0,35.9930979133,36.0,31.1,0.0013397642015,0.0,-4.96666666667,5.16666666667,2.5,11.2,18.6,49.7,64.6,70.2,-3.458,-1.03333333333,-0.4,0.4,1.03333333333,3.64233333333
3.0,16.5109589041,13.0,17.4,-0.00324074074074,0.0,-3.73333333333,3.5,1.2,4.44,7.5,24.9,36.7,38.668,-2.99966666667,-2.04666666667,-0.833333333333,0.833333333333,1.86333333333,3.23966666667
4.0,31.2325641026,30.1,36.0,-0.000856898029135,0.0,-3.73333333333,10.0333333333,1.2,4.3,13.7,49.7,57.2,64.666,-3.304,-1.66666666667,-0.833333333333,0.633333333333,1.66666666667,3.416
4.0,29.0128898129,32.3,24.2,0.000486111111111,0.0,-6.0,5.2,1.2,3.1,16.8,41.0,47.8,61.28,-3.98233333333,-1.88666666667,-0.633333333333,0.633333333333,1.86666666667,4.54033333333
4.0,14.272,12.4,17.4,-0.00188172043011,0.0,-3.33333333333,3.53333333333,1.2,1.9,5.0,22.4,30.4,35.256,-3.12566666667,-1.46666666667,-0.633333333333,0.8,1.45666666667,3.208
4.0,30.4117283951,32.3,18.0,0.000722394220846,0.0,-4.56666666667,6.2,1.9,8.7,19.9,37.9,52.02,61.5,-3.93333333333,-1.86666666667,-0.633333333333,0.633333333333,1.86,3.93333333333
4.0,31.2521875,33.6,24.125,0.00658307210031,0.0,-4.13333333333,4.76666666667,1.2,6.2,17.475,41.6,51.06,66.986,-3.89133333333,-1.26666666667,-0.633333333333,0.633333333333,1.66666666667,4.10333333333
3.0,15.8707070707,13.7,18.65,0.00238095238095,-0.1,-3.93333333333,4.33333333333,1.2,3.7,5.6,24.25,32.9,36.724,-3.35133333333,-1.92666666667,-0.833333333333,0.825,1.99666666667,3.49266666667
3.0,14.3980263158,13.0,14.9,-1.76459288682e-17,0.0,-3.73333333333,3.53333333333,1.2,2.5,6.2,21.1,29.08,38.896,-3.51666666667,-1.86666666667,-0.833333333333,0.833333333333,2.06666666667,3.2
3.0,34.6940860215,36.7,22.4,-0.0646846846847,0.0,-6.83333333333,4.33333333333,1.795,11.8,21.7,44.1,58.4,65.99,-5.36,-1.46666666667,-0.6,0.633333333333,1.45333333333,3.59733333333
3.0,29.3169354839,28.0,22.4,7.22096276179e-18,0.0,-6.03333333333,3.93333333333,1.9,8.28,18.0,40.4,51.6,56.362,-5.00733333333,-1.26,-0.6,0.633333333333,1.46666666667,3.256
3.0,30.6774603175,34.8,15.5,-0.0158174097665,0.0,-6.2,7.66666666667,1.2,10.6,23.6,39.1,41.6,51.334,-3.93333333333,-1.86666666667,-0.433333333333,0.633333333333,1.43333333333,4.36666666667
3.0,28.205775076,30.4,24.9,-0.00193089430894,-0.2,-8.7,10.9666666667,1.2,6.8,14.9,39.8,45.52,54.7,-3.52433333333,-2.06666666667,-0.833333333333,0.633333333333,2.26666666667,4.27933333333
3.0,29.9079487179,33.25,24.65,-0.000514138817481,0.0,-4.96666666667,4.76666666667,1.2,5.6,16.95,41.6,47.2,59.832,-3.60933333333,-1.90666666667,-0.8,0.633333333333,2.06666666667,4.16133333333
3.0,30.4117283951,32.3,18.0,0.000722394220846,0.0,-4.56666666667,6.2,1.9,8.7,19.9,37.9,52.02,61.5,-3.93333333333,-1.86666666667,-0.633333333333,0.633333333333,1.86,3.93333333333
3.0,31.2521875,33.6,24.125,0.00658307210031,0.0,-4.13333333333,4.76666666667,1.2,6.2,17.475,41.6,51.06,66.986,-3.89133333333,-1.26666666667,-0.633333333333,0.633333333333,1.66666666667,4.10333333333
3.0,15.8707070707,13.7,18.65,0.00238095238095,-0.1,-3.93333333333,4.33333333333,1.2,3.7,5.6,24.25,32.9,36.724,-3.35133333333,-1.92666666667,-0.833333333333,0.825,1.99666666667,3.49266666667
3.0,14.3980263158,13.0,14.9,-1.76459288682e-17,0.0,-3.73333333333,3.53333333333,1.2,2.5,6.2,21.1,29.08,38.896,-3.51666666667,-1.86666666667,-0.833333333333,0.833333333333,2.06666666667,3.2
3.0,34.6940860215,36.7,22.4,-0.0646846846847,0.0,-6.83333333333,4.33333333333,1.795,11.8,21.7,44.1,58.4,65.99,-5.36,-1.46666666667,-0.6,0.633333333333,1.45333333333,3.59733333333
3.0,29.3169354839,28.0,22.4,7.22096276179e-18,0.0,-6.03333333333,3.93333333333,1.9,8.28,18.0,40.4,51.6,56.362,-5.00733333333,-1.26,-0.6,0.633333333333,1.46666666667,3.256
3.0,30.6774603175,34.8,15.5,-0.0158174097665,0.0,-6.2,7.66666666667,1.2,10.6,23.6,39.1,41.6,51.334,-3.93333333333,-1.86666666667,-0.433333333333,0.633333333333,1.43333333333,4.36666666667
3.0,28.205775076,30.4,24.9,-0.00193089430894,-0.2,-8.7,10.9666666667,1.2,6.8,14.9,39.8,45.52,54.7,-3.52433333333,-2.06666666667,-0.833333333333,0.633333333333,2.26666666667,4.27933333333
3.0,29.9079487179,33.25,24.65,-0.000514138817481,0.0,-4.96666666667,4.76666666667,1.2,5.6,16.95,41.6,47.2,59.832,-3.60933333333,-1.90666666667,-0.8,0.633333333333,2.06666666667,4.16133333333
3.0,13.64,13.7,11.8,0.0180555555556,-0.1,-2.5,3.33333333333,1.512,4.3,8.7,20.5,21.22,22.232,-2.44633333333,-2.03,-0.816666666667,0.983333333333,2.00666666667,3.134
3.0,13.8105263158,15.5,8.55,-0.0117117117117,0.0,-4.33333333333,3.33333333333,1.2,2.5,9.45,18.0,21.28,23.156,-3.88933333333,-2.08,-0.833333333333,1.03333333333,2.36,3.09333333333
3.0,32.922754491,36.0,12.5,-0.0025025025025,0.0,-5.16666666667,4.56666666667,1.9,13.21,27.3,39.8,45.82,58.802,-4.092,-1.86666666667,-0.433333333333,0.633333333333,1.66666666667,4.08
3.0,29.3058309038,31.1,21.2,0.00428849902534,0.0,-4.36666666667,4.76666666667,1.2,8.22,18.6,39.8,45.4,54.1,-3.65133333333,-2.04666666667,-0.833333333333,0.833333333333,2.06666666667,4.153
1.0,2.38,2.5,0.0,0.0,0.0,-0.2,0.2,1.9,1.9,2.5,2.5,2.5,2.5,-0.2,-0.14,0.0,0.0,0.14,0.2
1.0,1.8,1.9,0.0,0.0,0.0,-0.233333333333,0.233333333333,1.2,1.2,1.9,1.9,1.9,2.416,-0.233333333333,-0.223333333333,0.0,0.0,0.223333333333,0.233333333333
3.0,22.3292207792,23.6,24.9,-0.0041394335512,0.0,-5.2,4.76666666667,1.571,4.51,8.7,33.6,39.1,42.582,-4.35866666667,-1.26666666667,-0.633333333333,0.6,1.82666666667,4.22933333333
3.0,29.2666666667,36.7,25.4,-6.03382078601e-18,0.0,-3.33333333333,4.36666666667,1.2,6.32,16.2,41.6,43.98,46.0,-3.303,-2.02666666667,-0.275,0.433333333333,1.64666666667,3.79033333333
3.0,19.7060869565,21.1,17.4,-0.00175438596491,0.0,-4.16666666667,4.76666666667,1.9,3.82,10.6,28.0,32.9,44.016,-4.13333333333,-2.5,-1.25833333333,1.25833333333,2.7,4.02333333333
3.0,17.3192771084,16.2,16.8,-0.00528455284553,-0.2,-3.96666666667,4.16666666667,1.2,3.7,8.7,25.5,30.84,43.224,-3.93966666667,-2.26666666667,-1.23333333333,1.43333333333,2.68,3.49166666667
6.0,13.0772727273,13.7,12.4,-0.000968188105118,0.0,-2.9,3.1,1.2,1.9,6.2,18.6,24.2,27.054,-2.24666666667,-1.23333333333,-0.233333333333,0.233333333333,1.23333333333,2.46666666667
3.0,24.466442953,28.3,27.4,-4.11193712824e-18,0.0,-5.0,4.13333333333,1.2,5.0,9.3,36.7,41.0,44.7,-3.54933333333,-1.66666666667,-0.433333333333,0.633333333333,1.66666666667,3.53333333333
1.0,1.7,1.9,0.7,2.29384922443e-19,0.0,-0.433333333333,0.5,1.2,1.2,1.2,1.9,2.5,2.5,-0.433333333333,-0.233333333333,0.0,0.0,0.233333333333,0.433333333333
1.0,2.02464788732,1.9,0.6,-0.0016548463357,0.0,-0.433333333333,0.433333333333,1.2,1.2,1.9,2.5,2.5,3.1,-0.433333333333,-0.233333333333,-0.2,0.2,0.233333333333,0.433333333333
3.0,34.9441717791,36.0,31.1,0.0025641025641,0.0,-5.6,4.76666666667,1.2,8.7,19.9,51.0,59.7,65.725,-3.83733333333,-1.78666666667,-0.433333333333,0.633333333333,1.66666666667,3.72533333333
3.0,47.7362623762,55.0,40.55,-0.00838496489054,0.0,-6.43333333333,5.2,1.2,11.8,28.6,69.15,74.11,79.5,-4.95466666667,-1.66666666667,-0.433333333333,0.4,1.66666666667,4.75466666667
1.0,2.00106382979,1.9,0.6,-0.00250896057348,0.0,-0.433333333333,0.433333333333,1.2,1.2,1.9,2.5,2.5,2.5,-0.433333333333,-0.2,0.0,0.0,0.2,0.433333333333
3.0,24.6890410959,23.6,29.8,0.00833333333333,0.216666666667,-6.83333333333,5.6,1.2,2.62,9.3,39.1,44.58,47.996,-5.20033333333,-2.7,-1.84166666667,1.43333333333,2.68,4.86633333333
3.0,26.0269411765,26.1,24.2,0.000274833137024,0.0,-5.8,4.56666666667,1.2,2.5,11.8,36.0,53.47,63.4,-3.91733333333,-1.84,-0.6,0.633333333333,1.70666666667,3.71733333333
3.0,5.41666666667,5.6,2.95,0.0254901960784,0.0,-1.03333333333,1.46666666667,1.421,2.5,3.85,6.8,8.28,8.7,-1.00133333333,-0.713333333333,-0.433333333333,0.2,1.12666666667,1.43466666667
3.0,12.1520833333,5.9,18.925,0.013475177305,0.0,-3.33333333333,3.1,1.2,1.9,2.5,21.425,31.7,33.907,-3.042,-1.64666666667,-0.4,0.616666666667,1.52666666667,2.916
3.0,17.3694444444,19.6,16.2,-1.81578532065e-18,0.0,-4.76666666667,4.33333333333,1.2,2.5,8.7,24.9,29.98,37.816,-2.888,-1.64666666667,-0.516666666667,0.616666666667,1.63333333333,3.70733333333
3.0,13.7,9.3,15.2,-0.00686274509804,0.116666666667,-4.13333333333,3.73333333333,1.2,1.9,5.6,20.8,34.04,36.0,-3.72633333333,-1.86666666667,-0.775,1.03333333333,1.60666666667,3.24933333333
3.0,17.4565656566,14.3,20.5,-3.62521803959e-17,0.0,-3.13333333333,3.73333333333,1.2,2.5,6.8,27.3,36.14,42.3,-3.101,-1.72666666667,-1.23333333333,0.833333333333,2.1,3.53933333333
3.0,5.7,5.3,4.25,0.0137254901961,-0.2,-1.63333333333,2.1,1.319,1.9,3.7,7.95,9.48,9.9,-1.60666666667,-1.20666666667,-0.633333333333,0.8,1.19333333333,1.99333333333
3.0,20.875,23.0,24.525,1.72849093654e-17,0.0,-4.56666666667,4.56666666667,1.2,2.5,8.55,33.075,35.49,39.331,-3.45133333333,-1.44666666667,-0.633333333333,0.633333333333,1.53333333333,3.80133333333
3.0,17.7870588235,19.3,16.8,0.0198412698413,0.0,-2.9,3.93333333333,1.788,5.24,9.3,26.1,28.96,32.396,-2.9,-1.25666666667,-0.708333333333,0.833333333333,1.43333333333,3.07566666667
3.0,21.2425,26.1,24.975,-6.7456588838e-17,0.0,-6.43333333333,4.76666666667,1.2,3.1,7.325,32.3,34.32,40.052,-5.44533333333,-2.51333333333,-0.833333333333,0.833333333333,2.53333333333,4.11666666667
3.0,7.15789473684,6.2,6.25,-0.012962962963,0.1,-1.86666666667,2.06666666667,1.326,1.9,4.0,10.25,13.82,15.284,-1.79866666667,-1.32666666667,-0.983333333333,0.425,1.32666666667,1.96466666667
3.0,20.7821428571,19.6,20.825,0.00570570570571,0.0,-4.76666666667,3.93333333333,1.2,3.7,9.3,30.125,39.04,41.0,-3.28,-1.66666666667,-0.833333333333,0.733333333333,1.86666666667,3.63
3.0,7.24666666667,8.1,5.6,0.0595238095238,-0.1,-0.833333333333,1.03333333333,1.382,2.5,4.65,10.25,10.96,12.748,-0.833333333333,-0.773333333333,-0.625,0.775,0.973333333333,1.03333333333
3.0,20.0927710843,22.4,23.9,4.16333634234e-17,-0.2,-3.93333333333,4.56666666667,1.2,3.1,8.1,32.0,35.28,38.608,-3.93333333333,-2.5,-1.03333333333,1.23333333333,2.66,4.05366666667
3.0,6.57222222222,6.85,4.55,-6.53072367427e-17,0.0,-1.5,2.5,1.9,1.9,4.025,8.575,10.29,12.694,-1.48933333333,-1.31333333333,-0.633333333333,0.6,1.11333333333,2.29733333333
3.0,22.1880952381,25.5,17.925,0.00111642743222,0.0,-5.4,4.16666666667,1.2,3.7,13.175,31.1,33.6,40.346,-4.10133333333,-1.3,-0.633333333333,0.633333333333,1.23333333333,3.48666666667
3.0,16.3456521739,10.9,21.425,0.0025641025641,0.2,-3.96666666667,4.76666666667,1.2,3.7,6.05,27.475,35.39,39.854,-3.93666666667,-2.26666666667,-1.03333333333,1.03333333333,2.06666666667,4.58666666667
3.0,26.1922077922,31.7,27.9,-0.00570175438596,0.0,-4.13333333333,3.5,1.732,5.0,11.2,39.1,40.4,41.144,-3.53333333333,-1.33333333333,-0.433333333333,0.683333333333,1.65,3.05
3.0,18.2708333333,21.7,16.95,0.0117370892019,0.2,-4.33333333333,4.76666666667,1.2,4.43,9.3,26.25,28.6,31.874,-4.19333333333,-2.06666666667,-0.433333333333,0.516666666667,1.86666666667,4.76666666667
3.0,5.53333333333,5.8,4.4,-0.0116666666667,-0.116666666667,-1.03333333333,1.66666666667,1.34,1.9,3.1,7.5,9.3,9.78,-1.03333333333,-0.853333333333,-0.475,0.258333333333,1.07333333333,1.62233333333
3.0,24.22375,28.9,22.7,-0.042194092827,0.0,-4.76666666667,6.63333333333,1.2,3.1,12.7,35.4,39.17,41.126,-4.29866666667,-1.98666666667,-0.833333333333,0.633333333333,1.88,4.83933333333
3.0,19.0316455696,14.9,25.1,-0.00299145299145,0.0,-7.46666666667,5.2,1.2,2.98,7.5,32.6,36.94,41.6,-5.56733333333,-2.62,-1.19166666667,1.18333333333,2.5,4.68666666667
3.0,22.4053333333,22.4,21.4,-0.00315315315315,0.0,-4.33333333333,2.9,1.2,3.94,11.5,32.9,38.86,43.056,-3.89533333333,-2.00666666667,-0.633333333333,0.983333333333,1.66666666667,2.9
3.0,22.3110429448,26.1,19.6,-0.00267489711934,0.0,-4.76666666667,5.4,1.2,3.1,12.1,31.7,34.08,43.5,-3.81133333333,-2.24666666667,-0.833333333333,0.825,1.86666666667,3.81433333333
3.0,26.4784172662,30.4,17.05,-4.82705662881e-17,0.0,-5.4,4.76666666667,1.2,6.8,18.95,36.0,37.3,40.4,-4.03733333333,-2.07666666667,-0.425,0.758333333333,1.86666666667,4.05933333333
3.0,17.6777777778,18.3,20.675,-0.00281690140845,-0.2,-4.13333333333,3.93333333333,1.697,3.16,7.325,28.0,31.7,32.474,-3.99333333333,-2.06666666667,-0.633333333333,0.733333333333,1.86666666667,3.49
3.0,18.7281690141,18.0,23.3,-0.017619047619,0.0,-4.96666666667,3.3,1.69,4.3,6.8,30.1,37.3,39.1,-4.11566666667,-2.06666666667,-0.833333333333,1.03333333333,2.06666666667,3.185
3.0,22.8168539326,23.6,25.5,0.0143939393939,0.0,-5.6,3.73333333333,1.2,3.46,9.3,34.8,39.92,48.572,-4.527,-2.25333333333,-0.633333333333,1.24166666667,2.26666666667,3.53033333333
3.0,28.3579439252,33.6,18.95,0.000943396226415,0.0,-4.76666666667,4.76666666667,1.9,11.04,18.65,37.6,38.5,42.258,-3.85166666667,-1.86666666667,-0.433333333333,0.433333333333,1.46666666667,4.535
3.0,18.5680555556,18.0,24.2,-0.00234741784038,0.0,-5.8,4.56666666667,1.2,2.56,8.1,32.3,34.2,36.377,-5.66,-2.26666666667,-0.733333333333,1.05,2.7,4.26333333333
3.0,20.5296875,18.6,24.05,-2.64338815387e-17,0.0,-6.0,4.33333333333,1.2,6.06,7.95,32.0,41.6,42.9,-4.96666666667,-2.42666666667,-0.616666666667,1.06666666667,2.25333333333,4.08533333333
3.0,20.4575757576,16.5,27.3,7.515355859e-17,0.0,-6.23333333333,5.2,1.2,3.4,8.1,35.4,41.6,42.9,-5.55066666667,-3.34,-1.03333333333,1.46666666667,3.12,4.79466666667
1.0,1.69666666667,1.9,0.7,-0.00804597701149,0.0,-0.233333333333,0.433333333333,1.2,1.2,1.2,1.9,2.5,2.5,-0.233333333333,-0.233333333333,-0.2,0.0,0.233333333333,0.377333333333
3.0,22.4577651515,19.9,24.9,1.68375055867e-18,0.0,-12.0333333333,6.23333333333,1.2,2.5,8.7,33.6,42.9,68.67,-4.24333333333,-1.85333333333,-0.633333333333,0.8,1.66666666667,4.24333333333
1.0,1.66927083333,1.9,0.7,-0.0022687609075,0.0,-0.633333333333,0.633333333333,1.2,1.2,1.2,1.9,1.9,3.1,-0.433333333333,-0.233333333333,0.0,0.0,0.233333333333,0.453333333333
3.0,35.9627254509,34.8,41.0,-0.0020749665328,0.0,-7.03333333333,10.5666666667,1.2,5.6,16.2,57.2,67.7,72.1,-5.36766666667,-2.5,-0.833333333333,0.833333333333,2.27666666667,4.56666666667
3.0,18.44,13.0,26.375,-0.0101694915254,0.0,-5.0,5.36666666667,1.2,1.9,4.825,31.2,43.08,50.587,-4.86466666667,-2.7,-1.25,1.15,3.5,4.53533333333
3.0,18.5854545455,13.0,22.7,0.0111111111111,-0.1,-5.2,4.76666666667,1.2,1.9,4.65,27.35,45.76,51.276,-4.52866666667,-3.1,-1.03333333333,1.18333333333,3.32333333333,4.44866666667
3.0,5.94705882353,6.8,8.1,5.20417042793e-18,-0.216666666667,-4.96666666667,5.2,1.2,1.2,1.2,9.3,12.04,16.096,-4.56166666667,-2.06666666667,-0.533333333333,0.883333333333,1.98333333333,4.765
3.0,28.9629310345,29.35,32.9,-0.00173913043478,-0.2,-8.26666666667,6.43333333333,1.2,2.5,11.8,44.7,52.2,59.595,-5.97133333333,-2.6,-0.833333333333,0.533333333333,2.82,6.228
3.0,25.8454545455,27.3,31.7,-0.005,0.0,-8.26666666667,5.8,1.2,3.7,9.9,41.6,46.0,53.28,-5.35566666667,-3.1,-1.08333333333,1.23333333333,2.7,5.40366666667
3.0,26.7339622642,28.9,30.475,-0.00603174603175,-0.2,-6.83333333333,7.23333333333,1.2,3.1,11.65,42.125,46.9,53.31,-5.72533333333,-2.30666666667,-0.633333333333,1.03333333333,2.2,3.71733333333
3.0,25.7593984962,26.7,31.7,-0.00328282828283,0.0,-5.4,9.53333333333,1.2,2.5,9.3,41.0,47.68,51.0,-4.76666666667,-2.27666666667,-0.6,0.633333333333,1.83333333333,4.57033333333
3.0,26.2095744681,28.6,24.35,-0.00427807486631,-0.2,-4.36666666667,4.36666666667,1.2,4.12,14.15,38.5,44.1,47.891,-3.76133333333,-2.08,-0.8,0.8,2.26666666667,3.93333333333
3.0,26.8076595745,29.8,28.9,0.0106837606838,0.0,-7.86666666667,4.56666666667,1.2,2.5,12.7,41.6,45.12,52.992,-5.81533333333,-2.64,-0.433333333333,0.825,2.29,4.28966666667
3.0,27.2893203883,26.7,32.95,0.016339869281,-0.1,-4.56666666667,4.63333333333,1.2,3.1,11.8,44.75,49.1,59.674,-4.36666666667,-2.29666666667,-0.633333333333,1.05833333333,2.45,3.93333333333
3.0,23.4435897436,20.5,28.3,-0.00120274914089,0.0,-4.96666666667,4.76666666667,1.2,2.74,9.3,37.6,44.46,56.542,-4.34966666667,-2.41666666667,-1.03333333333,0.883333333333,2.40666666667,3.93333333333
3.0,35.9627254509,34.8,41.0,-0.0020749665328,0.0,-7.03333333333,10.5666666667,1.2,5.6,16.2,57.2,67.7,72.1,-5.36766666667,-2.5,-0.833333333333,0.833333333333,2.27666666667,4.56666666667
3.0,18.44,13.0,26.375,-0.0101694915254,0.0,-5.0,5.36666666667,1.2,1.9,4.825,31.2,43.08,50.587,-4.86466666667,-2.7,-1.25,1.15,3.5,4.53533333333
3.0,18.5854545455,13.0,22.7,0.0111111111111,-0.1,-5.2,4.76666666667,1.2,1.9,4.65,27.35,45.76,51.276,-4.52866666667,-3.1,-1.03333333333,1.18333333333,3.32333333333,4.44866666667
3.0,5.94705882353,6.8,8.1,5.20417042793e-18,-0.216666666667,-4.96666666667,5.2,1.2,1.2,1.2,9.3,12.04,16.096,-4.56166666667,-2.06666666667,-0.533333333333,0.883333333333,1.98333333333,4.765
3.0,28.9629310345,29.35,32.9,-0.00173913043478,-0.2,-8.26666666667,6.43333333333,1.2,2.5,11.8,44.7,52.2,59.595,-5.97133333333,-2.6,-0.833333333333,0.533333333333,2.82,6.228
3.0,25.8454545455,27.3,31.7,-0.005,0.0,-8.26666666667,5.8,1.2,3.7,9.9,41.6,46.0,53.28,-5.35566666667,-3.1,-1.08333333333,1.23333333333,2.7,5.40366666667
3.0,26.7339622642,28.9,30.475,-0.00603174603175,-0.2,-6.83333333333,7.23333333333,1.2,3.1,11.65,42.125,46.9,53.31,-5.72533333333,-2.30666666667,-0.633333333333,1.03333333333,2.2,3.71733333333
1.0,5.06434782609,2.5,6.9,0.00555555555556,0.0,-3.13333333333,6.83333333333,1.2,1.2,1.2,8.1,12.94,20.638,-2.616,-0.833333333333,-0.233333333333,0.233333333333,0.833333333333,3.59033333333
1.0,6.69821428571,1.9,7.8,0.0261261261261,0.0,-3.1,5.6,1.2,1.2,1.2,9.0,20.5,38.159,-3.1,-1.03333333333,-0.233333333333,0.233333333333,1.03333333333,3.87
3.0,56.3576177285,69.0,32.9,0.0012037037037,0.0,-6.43333333333,5.16666666667,2.5,20.5,39.8,72.7,74.6,76.04,-4.435,-1.23333333333,-0.433333333333,0.433333333333,1.66666666667,3.71366666667
3.0,33.4252525253,39.8,30.1,5.80601326653e-17,-0.1,-5.36666666667,4.16666666667,1.886,9.18,17.1,47.2,49.82,64.062,-4.78466666667,-2.33666666667,-0.783333333333,1.05833333333,2.27666666667,3.74633333333
1.0,2.60666666667,2.5,0.5,-0.0142857142857,0.0,-0.4,0.4,1.9,1.9,2.5,3.0,3.1,3.616,-0.4,-0.4,-0.2,0.2,0.293333333333,0.391333333333
3.0,31.7326145553,37.3,36.05,-0.00117117117117,0.0,-4.13333333333,4.16666666667,1.2,3.1,12.1,48.15,55.9,62.1,-3.224,-1.43333333333,-0.433333333333,0.433333333333,1.43333333333,3.73333333333
3.0,34.9687878788,38.5,38.2,0.00121580547112,0.0,-5.0,4.56666666667,1.2,4.93,16.5,54.7,61.5,64.426,-3.42133333333,-1.43333333333,-0.6,0.433333333333,1.66666666667,2.9
3.0,19.6227272727,14.9,18.675,3.17206578464e-17,-0.433333333333,-4.76666666667,4.36666666667,1.473,6.2,9.9,28.575,42.52,46.771,-4.51333333333,-3.13333333333,-1.63333333333,2.5,3.5,4.2
3.0,17.18,13.0,13.95,0.0649122807018,0.0,-3.93333333333,3.3,2.603,7.31,10.425,24.375,35.71,40.525,-3.74733333333,-2.55333333333,-1.33333333333,1.55,2.74,3.228
3.0,20.8206521739,18.6,16.35,-5.85612144857e-17,0.0,-4.36666666667,3.73333333333,1.2,5.06,11.65,28.0,42.23,48.608,-4.18666666667,-2.26666666667,-1.03333333333,1.03333333333,2.5,3.70333333333
3.0,26.098019802,21.1,26.1,0.103666666667,0.2,-6.23333333333,4.76666666667,1.2,3.1,12.4,38.5,52.2,60.3,-5.37533333333,-1.92666666667,-0.833333333333,1.03333333333,2.31666666667,3.97466666667
3.0,34.3529058116,30.4,60.6,0.000803212851406,0.0,-4.76666666667,4.33333333333,1.9,2.5,3.1,63.7,67.7,71.512,-3.307,-0.833333333333,-0.2,0.233333333333,0.8,3.37066666667
3.0,26.0269411765,26.1,24.2,0.000274833137024,0.0,-5.8,4.56666666667,1.2,2.5,11.8,36.0,53.47,63.4,-3.91733333333,-1.84,-0.6,0.633333333333,1.70666666667,3.71733333333
3.0,56.3576177285,69.0,32.9,0.0012037037037,0.0,-6.43333333333,5.16666666667,2.5,20.5,39.8,72.7,74.6,76.04,-4.435,-1.23333333333,-0.433333333333,0.433333333333,1.66666666667,3.71366666667
1.0,1.7,1.9,0.7,2.29384922443e-19,0.0,-0.433333333333,0.5,1.2,1.2,1.2,1.9,2.5,2.5,-0.433333333333,-0.233333333333,0.0,0.0,0.233333333333,0.433333333333
1.0,1.93695652174,1.9,1.3,-0.00170316301703,0.0,-0.833333333333,0.6,1.2,1.2,1.2,2.5,2.5,3.478,-0.54,-0.233333333333,-0.2,0.2,0.233333333333,0.497333333333
1.0,1.62727272727,1.9,0.7,0.0,0.0,-0.433333333333,0.433333333333,1.2,1.2,1.2,1.9,1.9,2.5,-0.233333333333,-0.233333333333,0.0,0.0,0.233333333333,0.233333333333
1.0,1.61625207297,1.9,0.7,0.0,0.0,-0.633333333333,0.633333333333,1.2,1.2,1.2,1.9,1.9,2.5,-0.433333333333,-0.233333333333,0.0,0.0,0.233333333333,0.433333333333
1.0,1.88372093023,1.9,1.3,0.00136452241715,0.0,-0.433333333333,0.433333333333,1.2,1.2,1.2,2.5,2.5,3.1,-0.433333333333,-0.233333333333,-0.183333333333,0.183333333333,0.233333333333,0.433333333333
6.0,13.0772727273,13.7,12.4,-0.000968188105118,0.0,-2.9,3.1,1.2,1.9,6.2,18.6,24.2,27.054,-2.24666666667,-1.23333333333,-0.233333333333,0.233333333333,1.23333333333,2.46666666667
1.0,1.7,1.9,0.7,2.29384922443e-19,0.0,-0.433333333333,0.5,1.2,1.2,1.2,1.9,2.5,2.5,-0.433333333333,-0.233333333333,0.0,0.0,0.233333333333,0.433333333333
1.0,1.75075757576,1.9,0.7,-0.00178117048346,0.0,-0.633333333333,0.433333333333,1.2,1.2,1.2,1.9,2.44,2.945,-0.233333333333,-0.233333333333,-0.2,0.0,0.233333333333,0.433333333333
6.0,17.3160447761,18.0,23.0,7.48464960421e-18,0.0,-5.16666666667,3.3,1.2,1.2,5.6,28.6,32.9,36.0,-2.836,-1.23333333333,-0.416666666667,0.433333333333,1.24666666667,2.7
1.0,1.51877133106,1.2,0.7,0.0,0.0,-0.266666666667,0.233333333333,1.2,1.2,1.2,1.9,1.9,1.9,-0.233333333333,-0.233333333333,0.0,0.0,0.233333333333,0.233333333333
1.0,1.85684931507,1.9,0.7,-0.00137457044674,0.0,-0.633333333333,0.833333333333,1.2,1.2,1.2,1.9,2.5,3.1,-0.433333333333,-0.233333333333,-0.2,0.2,0.233333333333,0.433333333333
1.0,1.62727272727,1.9,0.7,0.0,0.0,-0.433333333333,0.433333333333,1.2,1.2,1.2,1.9,1.9,2.5,-0.233333333333,-0.233333333333,0.0,0.0,0.233333333333,0.233333333333
1.0,1.61625207297,1.9,0.7,0.0,0.0,-0.633333333333,0.633333333333,1.2,1.2,1.2,1.9,1.9,2.5,-0.433333333333,-0.233333333333,0.0,0.0,0.233333333333,0.433333333333
1.0,1.88372093023,1.9,1.3,0.00136452241715,0.0,-0.433333333333,0.433333333333,1.2,1.2,1.2,2.5,2.5,3.1,-0.433333333333,-0.233333333333,-0.183333333333,0.183333333333,0.233333333333,0.433333333333
3.0,34.9132183908,40.4,9.9,0.00231213872832,0.0,-4.56666666667,4.56666666667,1.711,10.11,33.6,43.5,45.4,47.2,-4.13466666667,-1.82666666667,-0.433333333333,0.4,1.42,4.34266666667
3.0,47.7362623762,55.0,40.55,-0.00838496489054,0.0,-6.43333333333,5.2,1.2,11.8,28.6,69.15,74.11,79.5,-4.95466666667,-1.66666666667,-0.433333333333,0.4,1.66666666667,4.75466666667
1.0,1.66927083333,1.9,0.7,-0.0022687609075,0.0,-0.633333333333,0.633333333333,1.2,1.2,1.2,1.9,1.9,3.1,-0.433333333333,-0.233333333333,0.0,0.0,0.233333333333,0.453333333333
6.0,17.3160447761,18.0,23.0,7.48464960421e-18,0.0,-5.16666666667,3.3,1.2,1.2,5.6,28.6,32.9,36.0,-2.836,-1.23333333333,-0.416666666667,0.433333333333,1.24666666667,2.7
1.0,1.51877133106,1.2,0.7,0.0,0.0,-0.266666666667,0.233333333333,1.2,1.2,1.2,1.9,1.9,1.9,-0.233333333333,-0.233333333333,0.0,0.0,0.233333333333,0.233333333333
1.0,1.8524137931,1.9,0.7,-0.00138408304498,0.0,-0.633333333333,0.833333333333,1.2,1.2,1.2,1.9,2.5,3.1,-0.433333333333,-0.233333333333,-0.2,0.2,0.233333333333,0.433333333333
3.0,13.9029411765,6.85,22.225,-0.0131313131313,0.0,-4.13333333333,3.93333333333,1.629,2.86,4.475,26.7,35.4,35.802,-3.80266666667,-1.36,-0.6,0.633333333333,1.19333333333,3.60266666667
